participant_id	cpra	gt	gq	call_rate
OFH100000	10:119669928:C:G	0/0	49	0.9945
OFH100001	10:119669928:C:G	0/0	34	0.9859
OFH100002	10:119669928:C:G	0/0	41	0.9901
OFH100003	10:119669928:C:G	0/0	31	0.9935
OFH100004	10:119669928:C:G	0/0	60	0.9902
OFH100005	10:119669928:C:G	0/0	32	0.993
OFH100006	10:119669928:C:G	0/0	42	0.9894
OFH100007	10:119669928:C:G	0/0	60	0.9866
OFH100008	10:119669928:C:G	0/0	45	0.9922
OFH100009	10:119669928:C:G	0/0	33	0.9887
OFH100010	10:119669928:C:G	0/0	44	0.988
OFH100011	10:119669928:C:G	0/0	52	0.9978
OFH100012	10:119669928:C:G	0/1	57	0.986
OFH100013	10:119669928:C:G	0/0	32	0.9963
OFH100014	10:119669928:C:G	0/0	40	0.9943
OFH100015	10:119669928:C:G	0/1	39	0.9683
OFH100016	10:119669928:C:G	0/1	55	0.9401
OFH100017	10:119669928:C:G	0/0	37	0.9961
OFH100018	10:119669928:C:G	0/0	47	0.993
OFH100019	10:119669928:C:G	0/0	47	0.9868
OFH100020	10:119669928:C:G	0/0	32	0.9893
OFH100021	10:119669928:C:G	0/0	53	0.9917
OFH100022	10:119669928:C:G	0/0	43	0.9965
OFH100023	10:119669928:C:G	0/0	40	0.994
OFH100024	10:119669928:C:G	0/0	51	0.9922
OFH100025	10:119669928:C:G	0/0	56	0.9959
OFH100026	10:119669928:C:G	0/0	35	0.9957
OFH100027	10:119669928:C:G	0/0	46	0.9977
OFH100028	10:119669928:C:G	0/0	33	0.9923
OFH100029	10:119669928:C:G	0/0	35	0.9895
OFH100030	10:119669928:C:G	0/0	41	0.9983
OFH100031	10:119669928:C:G	0/0	39	0.9968
OFH100032	10:119669928:C:G	0/0	50	0.9984
OFH100033	10:119669928:C:G	0/0	50	0.9892
OFH100034	10:119669928:C:G	0/0	46	0.994
OFH100035	10:119669928:C:G	0/0	48	0.9872
OFH100036	10:119669928:C:G	0/0	53	0.9976
OFH100037	10:119669928:C:G	0/0	59	0.9929
OFH100038	10:119669928:C:G	0/0	30	0.9861
OFH100039	10:119669928:C:G	0/0	54	0.9931
OFH100040	10:119669928:C:G	0/0	54	0.993
OFH100041	10:119669928:C:G	0/0	30	0.992
OFH100042	10:119669928:C:G	0/0	39	0.994
OFH100043	10:119669928:C:G	0/0	37	0.9963
OFH100044	10:119669928:C:G	0/1	15	0.9946
OFH100045	10:119669928:C:G	0/0	44	0.9879
OFH100046	10:119669928:C:G	0/0	40	0.9971
OFH100047	10:119669928:C:G	./.	0	0.9065
OFH100048	10:119669928:C:G	0/0	40	0.9884
OFH100049	10:119669928:C:G	0/0	44	0.9885
OFH100050	10:119669928:C:G	0/0	39	0.9982
OFH100051	10:119669928:C:G	0/0	43	0.9885
OFH100053	10:119669928:C:G	0/0	48	0.9951
OFH100054	10:119669928:C:G	0/0	35	0.992
OFH100055	10:119669928:C:G	0/0	45	0.9973
OFH100056	10:119669928:C:G	0/0	32	0.9982
OFH100058	10:119669928:C:G	0/0	41	0.9857
OFH100059	10:119669928:C:G	0/0	49	0.9974
OFH100060	10:119669928:C:G	0/0	45	0.989
OFH100061	10:119669928:C:G	0/0	33	0.991
OFH100062	10:119669928:C:G	0/0	53	0.9901
OFH100063	10:119669928:C:G	0/0	31	0.9906
OFH100064	10:119669928:C:G	0/0	36	0.9901
OFH100065	10:119669928:C:G	0/0	42	0.9921
OFH100066	10:119669928:C:G	0/0	38	0.9966
OFH100067	10:119669928:C:G	0/0	49	0.9867
OFH100068	10:119669928:C:G	0/0	42	0.9902
OFH100069	10:119669928:C:G	0/0	47	0.9981
OFH100070	10:119669928:C:G	0/0	36	0.9934
OFH100072	10:119669928:C:G	0/0	52	0.9897
OFH100073	10:119669928:C:G	0/0	44	0.9871
OFH100074	10:119669928:C:G	0/0	34	0.9896
OFH100075	10:119669928:C:G	0/0	35	0.9905
OFH100076	10:119669928:C:G	0/0	56	0.9892
OFH100077	10:119669928:C:G	0/0	56	0.9921
OFH100078	10:119669928:C:G	0/0	48	0.9892
OFH100079	10:119669928:C:G	0/0	41	0.9896
OFH100080	10:119669928:C:G	0/0	43	0.9932
OFH100081	10:119669928:C:G	0/0	53	0.9972
OFH100082	10:119669928:C:G	0/0	49	0.9916
OFH100083	10:119669928:C:G	0/0	55	0.9986
OFH100084	10:119669928:C:G	0/0	37	0.9951
OFH100085	10:119669928:C:G	0/0	35	0.9923
OFH100086	10:119669928:C:G	0/0	54	0.9968
OFH100087	10:119669928:C:G	0/0	51	0.9884
OFH100088	10:119669928:C:G	0/0	52	0.9865
OFH100089	10:119669928:C:G	0/0	40	0.9909
OFH100090	10:119669928:C:G	0/0	36	0.9907
OFH100091	10:119669928:C:G	0/0	59	0.9916
OFH100092	10:119669928:C:G	0/0	53	0.9859
OFH100093	10:119669928:C:G	0/0	36	0.9929
OFH100094	10:119669928:C:G	0/0	45	0.9924
OFH100095	10:119669928:C:G	0/0	35	0.9914
OFH100096	10:119669928:C:G	0/0	47	0.99
OFH100097	10:119669928:C:G	0/0	53	0.9945
OFH100098	10:119669928:C:G	0/0	38	0.9935
OFH100099	10:119669928:C:G	0/0	37	0.9889
OFH100100	10:119669928:C:G	0/0	60	0.9986
OFH100101	10:119669928:C:G	0/0	39	0.9949
OFH100102	10:119669928:C:G	0/0	45	0.9894
OFH100103	10:119669928:C:G	0/0	59	0.9981
OFH100104	10:119669928:C:G	0/0	39	0.9867
OFH100105	10:119669928:C:G	0/0	42	0.9975
OFH100106	10:119669928:C:G	0/0	41	0.9984
OFH100107	10:119669928:C:G	0/0	39	0.9856
OFH100108	10:119669928:C:G	0/0	32	0.9898
OFH100109	10:119669928:C:G	0/0	38	0.9955
OFH100110	10:119669928:C:G	0/0	56	0.9925
OFH100112	10:119669928:C:G	0/0	48	0.9883
OFH100113	10:119669928:C:G	0/0	58	0.9924
OFH100114	10:119669928:C:G	1/1	43	0.9896
OFH100115	10:119669928:C:G	0/0	34	0.9851
OFH100116	10:119669928:C:G	0/0	59	0.9872
OFH100117	10:119669928:C:G	0/0	58	0.9973
OFH100118	10:119669928:C:G	0/0	36	0.9956
OFH100119	10:119669928:C:G	0/1	31	0.9977
OFH100120	10:119669928:C:G	0/0	47	0.9953
OFH100121	10:119669928:C:G	0/0	31	0.9978
OFH100122	10:119669928:C:G	0/0	58	0.9967
OFH100123	10:119669928:C:G	0/0	31	0.999
OFH100124	10:119669928:C:G	0/0	45	0.9876
OFH100125	10:119669928:C:G	0/1	39	0.9973
OFH100126	10:119669928:C:G	0/0	33	0.998
OFH100127	10:119669928:C:G	0/0	44	0.9988
OFH100128	10:119669928:C:G	0/0	45	0.9974
OFH100129	10:119669928:C:G	0/0	46	0.9916
OFH100130	10:119669928:C:G	0/0	33	0.9896
OFH100131	10:119669928:C:G	0/0	50	0.9886
OFH100132	10:119669928:C:G	0/0	53	0.9897
OFH100133	10:119669928:C:G	0/0	51	0.9956
OFH100134	10:119669928:C:G	0/0	57	0.9939
OFH100135	10:119669928:C:G	0/0	43	0.9922
OFH100136	10:119669928:C:G	0/0	51	0.9863
OFH100137	10:119669928:C:G	0/0	45	0.9895
OFH100138	10:119669928:C:G	0/0	38	0.9904
OFH100139	10:119669928:C:G	0/0	38	0.9984
OFH100140	10:119669928:C:G	0/1	30	0.9887
OFH100141	10:119669928:C:G	0/0	51	0.9867
OFH100142	10:119669928:C:G	0/0	42	0.9946
OFH100143	10:119669928:C:G	0/0	58	0.9948
OFH100144	10:119669928:C:G	0/0	33	0.9939
OFH100145	10:119669928:C:G	0/0	41	0.9936
OFH100146	10:119669928:C:G	0/0	34	0.9917
OFH100147	10:119669928:C:G	0/0	49	0.9902
OFH100148	10:119669928:C:G	0/0	59	0.9916
OFH100149	10:119669928:C:G	0/0	51	0.9966
OFH100150	10:119669928:C:G	0/0	51	0.9956
OFH100151	10:119669928:C:G	0/0	32	0.9924
OFH100152	10:119669928:C:G	0/0	41	0.9861
OFH100153	10:119669928:C:G	0/0	31	0.9966
OFH100154	10:119669928:C:G	0/0	36	0.993
OFH100155	10:119669928:C:G	0/0	40	0.997
OFH100156	10:119669928:C:G	0/0	51	0.9879
OFH100157	10:119669928:C:G	0/0	32	0.9976
OFH100158	10:119669928:C:G	0/0	31	0.9913
OFH100159	10:119669928:C:G	0/0	44	0.9929
OFH100160	10:119669928:C:G	0/0	51	0.9963
OFH100161	10:119669928:C:G	0/0	42	0.9886
OFH100162	10:119669928:C:G	0/0	36	0.9931
OFH100163	10:119669928:C:G	0/0	41	0.9948
OFH100164	10:119669928:C:G	0/0	31	0.9981
OFH100165	10:119669928:C:G	0/0	59	0.9916
OFH100166	10:119669928:C:G	0/0	35	0.9958
OFH100167	10:119669928:C:G	0/0	53	0.994
OFH100168	10:119669928:C:G	0/0	58	0.9904
OFH100169	10:119669928:C:G	0/0	59	0.9903
OFH100170	10:119669928:C:G	0/0	60	0.9943
OFH100171	10:119669928:C:G	0/0	50	0.997
OFH100172	10:119669928:C:G	0/0	47	0.9905
OFH100173	10:119669928:C:G	0/0	37	0.9967
OFH100174	10:119669928:C:G	0/0	39	0.9915
OFH100175	10:119669928:C:G	0/0	43	0.9924
OFH100176	10:119669928:C:G	0/0	37	0.9914
OFH100177	10:119669928:C:G	0/0	36	0.9981
OFH100178	10:119669928:C:G	0/0	33	0.9855
OFH100179	10:119669928:C:G	0/0	49	0.9957
OFH100180	10:119669928:C:G	0/0	30	0.9884
OFH100181	10:119669928:C:G	0/0	49	0.9855
OFH100182	10:119669928:C:G	0/0	52	0.9972
OFH100183	10:119669928:C:G	0/0	31	0.9906
OFH100184	10:119669928:C:G	0/0	36	0.9956
OFH100185	10:119669928:C:G	0/0	34	0.9921
OFH100186	10:119669928:C:G	0/0	56	0.9978
OFH100187	10:119669928:C:G	0/0	48	0.9934
OFH100188	10:119669928:C:G	0/0	40	0.9883
OFH100189	10:119669928:C:G	0/0	51	0.9923
OFH100190	10:119669928:C:G	0/0	38	0.9859
OFH100191	10:119669928:C:G	0/0	58	0.9953
OFH100192	10:119669928:C:G	0/0	51	0.991
OFH100193	10:119669928:C:G	0/0	41	0.9982
OFH100194	10:119669928:C:G	0/0	55	0.9923
OFH100195	10:119669928:C:G	0/0	43	0.9871
OFH100196	10:119669928:C:G	0/0	54	0.9925
OFH100197	10:119669928:C:G	0/0	37	0.9892
OFH100198	10:119669928:C:G	0/0	55	0.9915
OFH100199	10:119669928:C:G	0/0	43	0.9985
OFH100200	10:119669928:C:G	0/0	34	0.9904
OFH100201	10:119669928:C:G	0/0	40	0.9941
OFH100202	10:119669928:C:G	0/0	57	0.9902
OFH100203	10:119669928:C:G	0/0	56	0.9877
OFH100204	10:119669928:C:G	0/0	51	0.9935
OFH100205	10:119669928:C:G	0/0	32	0.9876
OFH100206	10:119669928:C:G	0/0	53	0.9944
OFH100207	10:119669928:C:G	0/0	36	0.9972
OFH100208	10:119669928:C:G	0/0	60	0.9977
OFH100209	10:119669928:C:G	0/0	36	0.9985
OFH100210	10:119669928:C:G	0/0	54	0.9917
OFH100211	10:119669928:C:G	0/0	49	0.9949
OFH100212	10:119669928:C:G	0/0	37	0.9927
OFH100213	10:119669928:C:G	0/0	42	0.9915
OFH100214	10:119669928:C:G	0/0	39	0.9887
OFH100215	10:119669928:C:G	0/0	45	0.9915
OFH100216	10:119669928:C:G	0/1	54	0.9968
OFH100217	10:119669928:C:G	0/0	43	0.9856
OFH100218	10:119669928:C:G	0/0	53	0.987
OFH100219	10:119669928:C:G	0/0	59	0.9932
OFH100220	10:119669928:C:G	0/0	39	0.9871
OFH100221	10:119669928:C:G	0/0	42	0.993
OFH100222	10:119669928:C:G	0/0	47	0.9942
OFH100223	10:119669928:C:G	0/0	38	0.9957
OFH100224	10:119669928:C:G	0/0	53	0.994
OFH100225	10:119669928:C:G	0/0	35	0.9953
OFH100226	10:119669928:C:G	0/0	34	0.9951
OFH100227	10:119669928:C:G	0/0	59	0.9975
OFH100228	10:119669928:C:G	0/0	60	0.9858
OFH100229	10:119669928:C:G	0/0	57	0.986
OFH100230	10:119669928:C:G	0/0	31	0.9957
OFH100231	10:119669928:C:G	0/0	56	0.9938
OFH100232	10:119669928:C:G	0/0	34	0.9851
OFH100233	10:119669928:C:G	0/0	41	0.9858
OFH100234	10:119669928:C:G	0/0	59	0.9936
OFH100235	10:119669928:C:G	0/0	45	0.9852
OFH100236	10:119669928:C:G	0/0	43	0.9852
OFH100237	10:119669928:C:G	0/0	38	0.9925
OFH100238	10:119669928:C:G	0/0	46	0.9964
OFH100239	10:119669928:C:G	0/0	55	0.9982
OFH100240	10:119669928:C:G	0/0	59	0.9863
OFH100241	10:119669928:C:G	0/0	36	0.9937
OFH100242	10:119669928:C:G	0/0	41	0.9887
OFH100243	10:119669928:C:G	0/0	41	0.9984
OFH100244	10:119669928:C:G	0/0	37	0.9989
OFH100245	10:119669928:C:G	0/0	51	0.9966
OFH100246	10:119669928:C:G	0/0	57	0.9941
OFH100247	10:119669928:C:G	0/0	42	0.9903
OFH100248	10:119669928:C:G	0/0	31	0.9939
OFH100249	10:119669928:C:G	0/0	32	0.992
OFH100250	10:119669928:C:G	0/0	55	0.9896
OFH100251	10:119669928:C:G	0/0	33	0.9975
OFH100252	10:119669928:C:G	0/0	37	0.988
OFH100253	10:119669928:C:G	0/0	58	0.9929
OFH100254	10:119669928:C:G	0/0	59	0.986
OFH100255	10:119669928:C:G	0/0	58	0.9926
OFH100256	10:119669928:C:G	0/0	35	0.998
OFH100257	10:119669928:C:G	0/0	60	0.9879
OFH100258	10:119669928:C:G	0/1	56	0.9906
OFH100259	10:119669928:C:G	0/0	37	0.9929
OFH100260	10:119669928:C:G	0/0	51	0.9976
OFH100261	10:119669928:C:G	0/0	54	0.9954
OFH100262	10:119669928:C:G	0/0	52	0.9951
OFH100263	10:119669928:C:G	0/0	41	0.9858
OFH100264	10:119669928:C:G	0/0	56	0.9861
OFH100265	10:119669928:C:G	0/0	49	0.9984
OFH100266	10:119669928:C:G	0/0	54	0.9896
OFH100267	10:119669928:C:G	0/0	55	0.9989
OFH100268	10:119669928:C:G	0/0	41	0.9927
OFH100269	10:119669928:C:G	0/0	35	0.9945
OFH100270	10:119669928:C:G	0/0	32	0.9958
OFH100271	10:119669928:C:G	0/0	37	0.995
OFH100272	10:119669928:C:G	0/0	34	0.9903
OFH100273	10:119669928:C:G	0/0	34	0.9954
OFH100274	10:119669928:C:G	0/0	33	0.9863
OFH100275	10:119669928:C:G	0/0	44	0.99
OFH100276	10:119669928:C:G	0/0	34	0.9862
OFH100277	10:119669928:C:G	0/0	47	0.9928
OFH100278	10:119669928:C:G	0/0	30	0.9863
OFH100279	10:119669928:C:G	0/1	55	0.9895
OFH100280	10:119669928:C:G	0/0	42	0.9959
OFH100281	10:119669928:C:G	0/0	47	0.9977
OFH100282	10:119669928:C:G	0/0	48	0.9923
OFH100283	10:119669928:C:G	0/0	35	0.9869
OFH100284	10:119669928:C:G	0/0	45	0.987
OFH100285	10:119669928:C:G	0/0	38	0.9909
OFH100286	10:119669928:C:G	0/0	32	0.9901
OFH100287	10:119669928:C:G	0/0	53	0.9938
OFH100288	10:119669928:C:G	0/0	36	0.9914
OFH100289	10:119669928:C:G	0/0	30	0.9983
OFH100290	10:119669928:C:G	0/0	49	0.9903
OFH100291	10:119669928:C:G	0/0	44	0.9897
OFH100292	10:119669928:C:G	0/0	57	0.9941
OFH100293	10:119669928:C:G	0/0	39	0.9895
OFH100294	10:119669928:C:G	0/0	36	0.9917
OFH100295	10:119669928:C:G	0/0	42	0.9986
OFH100296	10:119669928:C:G	0/0	52	0.9939
OFH100297	10:119669928:C:G	0/0	55	0.9884
OFH100298	10:119669928:C:G	0/0	56	0.996
OFH100299	10:119669928:C:G	0/0	59	0.9929
OFH100300	10:119669928:C:G	0/0	47	0.9875
OFH100301	10:119669928:C:G	0/0	30	0.9983
OFH100302	10:119669928:C:G	0/1	44	0.9962
OFH100303	10:119669928:C:G	0/0	57	0.9961
OFH100304	10:119669928:C:G	0/0	45	0.9869
OFH100305	10:119669928:C:G	0/0	38	0.9942
OFH100306	10:119669928:C:G	0/0	55	0.9903
OFH100307	10:119669928:C:G	0/0	49	0.9917
OFH100308	10:119669928:C:G	0/0	46	0.9979
OFH100309	10:119669928:C:G	0/0	43	0.9926
OFH100310	10:119669928:C:G	0/0	41	0.9948
OFH100311	10:119669928:C:G	0/0	49	0.9939
OFH100312	10:119669928:C:G	0/0	54	0.9885
OFH100313	10:119669928:C:G	0/0	35	0.9941
OFH100314	10:119669928:C:G	0/0	50	0.9945
OFH100315	10:119669928:C:G	0/0	54	0.9896
OFH100316	10:119669928:C:G	0/0	33	0.9851
OFH100317	10:119669928:C:G	0/0	46	0.9955
OFH100318	10:119669928:C:G	0/0	52	0.9931
OFH100319	10:119669928:C:G	0/0	42	0.9915
OFH100320	10:119669928:C:G	0/0	52	0.992
OFH100321	10:119669928:C:G	0/0	30	0.9918
OFH100322	10:119669928:C:G	0/0	59	0.9985
OFH100323	10:119669928:C:G	0/0	60	0.9952
OFH100324	10:119669928:C:G	0/0	40	0.9914
OFH100325	10:119669928:C:G	0/0	45	0.9899
OFH100326	10:119669928:C:G	0/0	53	0.9948
OFH100327	10:119669928:C:G	0/1	55	0.995
OFH100328	10:119669928:C:G	0/0	33	0.9945
OFH100329	10:119669928:C:G	0/0	53	0.9884
OFH100330	10:119669928:C:G	0/0	35	0.9896
OFH100331	10:119669928:C:G	0/0	44	0.9882
OFH100332	10:119669928:C:G	0/0	35	0.9876
OFH100333	10:119669928:C:G	0/0	42	0.9854
OFH100334	10:119669928:C:G	0/0	36	0.9913
OFH100335	10:119669928:C:G	0/0	30	0.9949
OFH100336	10:119669928:C:G	0/0	54	0.9949
OFH100337	10:119669928:C:G	0/0	48	0.9864
OFH100338	10:119669928:C:G	0/0	35	0.9901
OFH100339	10:119669928:C:G	0/0	33	0.9887
OFH100340	10:119669928:C:G	0/0	46	0.9985
OFH100341	10:119669928:C:G	0/0	42	0.9936
OFH100342	10:119669928:C:G	0/0	41	0.9899
OFH100343	10:119669928:C:G	0/0	35	0.9964
OFH100344	10:119669928:C:G	0/0	39	0.9979
OFH100345	10:119669928:C:G	0/0	51	0.9869
OFH100346	10:119669928:C:G	0/1	35	0.9902
OFH100347	10:119669928:C:G	0/0	49	0.9869
OFH100348	10:119669928:C:G	0/0	35	0.9918
OFH100349	10:119669928:C:G	0/0	59	0.994
OFH100350	10:119669928:C:G	0/0	47	0.9873
OFH100351	10:119669928:C:G	0/0	35	0.9894
OFH100352	10:119669928:C:G	0/0	31	0.9971
OFH100353	10:119669928:C:G	0/0	45	0.9869
OFH100354	10:119669928:C:G	0/0	60	0.9929
OFH100355	10:119669928:C:G	0/0	43	0.9946
OFH100356	10:119669928:C:G	0/0	56	0.9912
OFH100357	10:119669928:C:G	0/0	48	0.9854
OFH100358	10:119669928:C:G	0/0	39	0.9855
OFH100359	10:119669928:C:G	0/0	39	0.9874
OFH100360	10:119669928:C:G	0/0	53	0.9958
OFH100361	10:119669928:C:G	0/0	46	0.9866
OFH100362	10:119669928:C:G	0/0	54	0.9926
OFH100363	10:119669928:C:G	0/0	47	0.9965
OFH100364	10:119669928:C:G	0/0	53	0.9912
OFH100365	10:119669928:C:G	0/0	43	0.9864
OFH100366	10:119669928:C:G	0/0	54	0.9885
OFH100367	10:119669928:C:G	0/0	31	0.9913
OFH100368	10:119669928:C:G	0/0	56	0.9862
OFH100369	10:119669928:C:G	0/0	33	0.9959
OFH100370	10:119669928:C:G	0/0	55	0.9953
OFH100371	10:119669928:C:G	0/0	57	0.995
OFH100372	10:119669928:C:G	0/0	35	0.9936
OFH100373	10:119669928:C:G	0/0	56	0.9879
OFH100374	10:119669928:C:G	0/0	41	0.9925
OFH100375	10:119669928:C:G	0/0	35	0.9895
OFH100376	10:119669928:C:G	0/0	39	0.993
OFH100377	10:119669928:C:G	0/1	58	0.9945
OFH100378	10:119669928:C:G	0/0	55	0.9908
OFH100379	10:119669928:C:G	0/1	50	0.9868
OFH100380	10:119669928:C:G	0/0	52	0.9895
OFH100381	10:119669928:C:G	0/0	56	0.9945
OFH100382	10:119669928:C:G	0/0	48	0.9939
OFH100383	10:119669928:C:G	0/0	42	0.9913
OFH100384	10:119669928:C:G	0/0	58	0.9958
OFH100385	10:119669928:C:G	0/0	53	0.9889
OFH100386	10:119669928:C:G	0/0	41	0.9914
OFH100387	10:119669928:C:G	0/0	48	0.985
OFH100388	10:119669928:C:G	0/0	53	0.9863
OFH100389	10:119669928:C:G	0/0	50	0.9943
OFH100390	10:119669928:C:G	0/0	32	0.9961
OFH100391	10:119669928:C:G	0/0	60	0.991
OFH100392	10:119669928:C:G	0/0	38	0.9895
OFH100393	10:119669928:C:G	0/0	47	0.9931
OFH100394	10:119669928:C:G	0/0	45	0.996
OFH100395	10:119669928:C:G	0/0	54	0.9857
OFH100396	10:119669928:C:G	0/0	55	0.9967
OFH100397	10:119669928:C:G	0/0	59	0.997
OFH100398	10:119669928:C:G	0/0	30	0.9989
OFH100399	10:119669928:C:G	0/0	52	0.9977
OFH100400	10:119669928:C:G	0/0	39	0.9872
OFH100401	10:119669928:C:G	0/0	38	0.9863
OFH100402	10:119669928:C:G	0/0	32	0.9902
OFH100403	10:119669928:C:G	0/0	35	0.9857
OFH100404	10:119669928:C:G	0/0	53	0.9948
OFH100405	10:119669928:C:G	0/0	50	0.9863
OFH100406	10:119669928:C:G	0/0	36	0.9917
OFH100407	10:119669928:C:G	0/0	37	0.9923
OFH100408	10:119669928:C:G	0/0	30	0.9947
OFH100409	10:119669928:C:G	0/0	57	0.9909
OFH100410	10:119669928:C:G	0/0	32	0.9882
OFH100411	10:119669928:C:G	0/0	55	0.9864
OFH100412	10:119669928:C:G	0/0	58	0.9892
OFH100413	10:119669928:C:G	0/0	56	0.9955
OFH100414	10:119669928:C:G	0/0	51	0.987
OFH100415	10:119669928:C:G	0/0	30	0.9935
OFH100416	10:119669928:C:G	0/0	41	0.9951
OFH100417	10:119669928:C:G	0/0	34	0.9979
OFH100418	10:119669928:C:G	0/0	44	0.997
OFH100419	10:119669928:C:G	0/0	33	0.987
OFH100420	10:119669928:C:G	0/0	53	0.9904
OFH100421	10:119669928:C:G	0/0	40	0.9961
OFH100422	10:119669928:C:G	0/0	50	0.9862
OFH100423	10:119669928:C:G	0/0	49	0.9951
OFH100424	10:119669928:C:G	0/0	60	0.9947
OFH100425	10:119669928:C:G	0/0	51	0.9973
OFH100426	10:119669928:C:G	0/0	49	0.9921
OFH100427	10:119669928:C:G	0/0	39	0.994
OFH100428	10:119669928:C:G	0/0	55	0.9984
OFH100429	10:119669928:C:G	0/0	33	0.9884
OFH100430	10:119669928:C:G	0/0	32	0.9924
OFH100431	10:119669928:C:G	0/0	41	0.9981
OFH100432	10:119669928:C:G	0/0	57	0.9967
OFH100433	10:119669928:C:G	0/0	47	0.9946
OFH100434	10:119669928:C:G	0/0	60	0.9988
OFH100435	10:119669928:C:G	0/0	48	0.9859
OFH100436	10:119669928:C:G	0/0	31	0.9979
OFH100437	10:119669928:C:G	0/0	42	0.9921
OFH100438	10:119669928:C:G	0/0	46	0.9957
OFH100439	10:119669928:C:G	0/0	42	0.9862
OFH100440	10:119669928:C:G	0/0	49	0.9871
OFH100441	10:119669928:C:G	0/0	32	0.9922
OFH100442	10:119669928:C:G	0/0	55	0.9872
OFH100443	10:119669928:C:G	0/0	48	0.9939
OFH100444	10:119669928:C:G	0/0	51	0.994
OFH100445	10:119669928:C:G	0/0	43	0.9952
OFH100446	10:119669928:C:G	0/0	31	0.9884
OFH100447	10:119669928:C:G	0/0	33	0.9913
OFH100448	10:119669928:C:G	0/0	39	0.9943
OFH100449	10:119669928:C:G	0/0	35	0.9867
OFH100450	10:119669928:C:G	0/0	52	0.9852
OFH100451	10:119669928:C:G	0/0	41	0.9923
OFH100452	10:119669928:C:G	0/0	53	0.9886
OFH100453	10:119669928:C:G	0/0	53	0.9959
OFH100454	10:119669928:C:G	0/0	58	0.9867
OFH100455	10:119669928:C:G	0/0	40	0.9963
OFH100456	10:119669928:C:G	1/1	52	0.9987
OFH100457	10:119669928:C:G	0/0	46	0.99
OFH100458	10:119669928:C:G	0/0	48	0.9873
OFH100459	10:119669928:C:G	0/0	54	0.9864
OFH100460	10:119669928:C:G	0/0	53	0.9866
OFH100461	10:119669928:C:G	0/0	30	0.9856
OFH100462	10:119669928:C:G	0/0	37	0.9856
OFH100463	10:119669928:C:G	0/0	59	0.9871
OFH100464	10:119669928:C:G	0/0	57	0.9855
OFH100465	10:119669928:C:G	0/0	52	0.9954
OFH100466	10:119669928:C:G	0/0	40	0.9885
OFH100467	10:119669928:C:G	0/0	40	0.9888
OFH100468	10:119669928:C:G	0/0	41	0.9867
OFH100469	10:119669928:C:G	0/0	31	0.9875
OFH100470	10:119669928:C:G	0/0	31	0.9984
OFH100471	10:119669928:C:G	0/0	44	0.9971
OFH100472	10:119669928:C:G	0/0	39	0.9896
OFH100473	10:119669928:C:G	0/0	30	0.9902
OFH100474	10:119669928:C:G	0/0	55	0.9893
OFH100475	10:119669928:C:G	0/0	44	0.9902
OFH100476	10:119669928:C:G	0/0	54	0.9959
OFH100477	10:119669928:C:G	0/0	47	0.9956
OFH100478	10:119669928:C:G	0/0	30	0.9981
OFH100479	10:119669928:C:G	0/0	47	0.9898
OFH100480	10:119669928:C:G	0/0	58	0.9851
OFH100481	10:119669928:C:G	0/0	54	0.9942
OFH100482	10:119669928:C:G	0/0	53	0.9893
OFH100483	10:119669928:C:G	0/0	37	0.9909
OFH100484	10:119669928:C:G	0/0	34	0.995
OFH100485	10:119669928:C:G	0/0	59	0.9882
OFH100486	10:119669928:C:G	0/0	43	0.9948
OFH100487	10:119669928:C:G	0/0	53	0.9862
OFH100488	10:119669928:C:G	0/0	34	0.9939
OFH100489	10:119669928:C:G	0/0	48	0.9929
OFH100490	10:119669928:C:G	0/0	60	0.9868
OFH100491	10:119669928:C:G	0/0	57	0.9894
OFH100492	10:119669928:C:G	0/0	52	0.9966
OFH100493	10:119669928:C:G	0/0	44	0.9888
OFH100494	10:119669928:C:G	0/0	36	0.9869
OFH100495	10:119669928:C:G	0/0	33	0.9872
OFH100496	10:119669928:C:G	0/0	44	0.9894
OFH100497	10:119669928:C:G	0/0	41	0.9985
OFH100498	10:119669928:C:G	0/0	39	0.9915
OFH100499	10:119669928:C:G	0/0	32	0.9872
OFH100000	22:28725099:A:G	1/1	55	0.996
OFH100001	22:28725099:A:G	0/1	55	0.996
OFH100002	22:28725099:A:G	0/1	55	0.996
OFH100003	22:28725099:A:G	0/1	55	0.996
OFH100004	22:28725099:A:G	0/1	55	0.996
OFH100005	22:28725099:A:G	0/1	55	0.996
OFH100006	22:28725099:A:G	0/1	55	0.996
OFH100007	22:28725099:A:G	0/1	55	0.996
OFH100008	22:28725099:A:G	0/1	55	0.996
OFH100009	22:28725099:A:G	0/1	55	0.996
OFH100010	22:28725099:A:G	0/1	55	0.996
OFH100011	22:28725099:A:G	0/1	55	0.996
OFH100012	22:28725099:A:G	0/0	50	0.996
OFH100013	22:28725099:A:G	0/1	55	0.996
OFH100014	22:28725099:A:G	0/1	55	0.996
OFH100015	22:28725099:A:G	0/1	55	0.996
OFH100016	22:28725099:A:G	0/1	55	0.996
OFH100017	22:28725099:A:G	1/1	55	0.996
OFH100018	22:28725099:A:G	0/1	55	0.996
OFH100019	22:28725099:A:G	0/1	55	0.996
OFH100020	22:28725099:A:G	0/1	55	0.996
OFH100021	22:28725099:A:G	0/1	55	0.996
OFH100022	22:28725099:A:G	0/1	55	0.996
OFH100023	22:28725099:A:G	0/1	55	0.996
OFH100024	22:28725099:A:G	0/1	55	0.996
OFH100025	22:28725099:A:G	0/1	55	0.996
OFH100026	22:28725099:A:G	0/1	55	0.996
OFH100027	22:28725099:A:G	0/1	55	0.996
OFH100028	22:28725099:A:G	0/1	55	0.996
OFH100029	22:28725099:A:G	0/1	55	0.996
OFH100030	22:28725099:A:G	0/1	55	0.996
OFH100031	22:28725099:A:G	0/1	55	0.996
OFH100032	22:28725099:A:G	0/1	55	0.996
OFH100033	22:28725099:A:G	0/1	55	0.996
OFH100034	22:28725099:A:G	1/1	55	0.996
OFH100035	22:28725099:A:G	0/1	55	0.996
OFH100036	22:28725099:A:G	0/1	55	0.996
OFH100037	22:28725099:A:G	0/1	55	0.996
OFH100038	22:28725099:A:G	0/1	55	0.996
OFH100039	22:28725099:A:G	0/1	55	0.996
OFH100040	22:28725099:A:G	0/1	55	0.996
OFH100041	22:28725099:A:G	0/1	55	0.996
OFH100042	22:28725099:A:G	0/1	55	0.996
OFH100043	22:28725099:A:G	0/1	55	0.996
OFH100044	22:28725099:A:G	0/1	55	0.996
OFH100045	22:28725099:A:G	0/1	55	0.996
OFH100046	22:28725099:A:G	0/1	55	0.996
OFH100047	22:28725099:A:G	0/1	55	0.996
OFH100048	22:28725099:A:G	0/1	55	0.996
OFH100049	22:28725099:A:G	0/1	55	0.996
OFH100050	22:28725099:A:G	0/1	55	0.996
OFH100051	22:28725099:A:G	1/1	55	0.996
OFH100052	22:28725099:A:G	0/1	55	0.996
OFH100053	22:28725099:A:G	0/1	55	0.996
OFH100054	22:28725099:A:G	0/0	50	0.996
OFH100055	22:28725099:A:G	0/0	50	0.996
OFH100056	22:28725099:A:G	0/0	50	0.996
OFH100057	22:28725099:A:G	0/0	50	0.996
OFH100058	22:28725099:A:G	0/0	50	0.996
OFH100059	22:28725099:A:G	0/0	50	0.996
OFH100060	22:28725099:A:G	0/0	50	0.996
OFH100061	22:28725099:A:G	0/1	55	0.996
OFH100062	22:28725099:A:G	0/0	50	0.996
OFH100063	22:28725099:A:G	0/1	55	0.996
OFH100064	22:28725099:A:G	0/0	50	0.996
OFH100065	22:28725099:A:G	0/1	55	0.996
OFH100066	22:28725099:A:G	0/0	50	0.996
OFH100067	22:28725099:A:G	0/1	55	0.996
OFH100068	22:28725099:A:G	0/0	50	0.996
OFH100069	22:28725099:A:G	0/0	50	0.996
OFH100070	22:28725099:A:G	0/0	50	0.996
OFH100071	22:28725099:A:G	0/0	50	0.996
OFH100072	22:28725099:A:G	0/0	50	0.996
OFH100073	22:28725099:A:G	0/0	50	0.996
OFH100074	22:28725099:A:G	0/0	50	0.996
OFH100075	22:28725099:A:G	0/0	50	0.996
OFH100076	22:28725099:A:G	0/1	55	0.996
OFH100077	22:28725099:A:G	0/0	50	0.996
OFH100078	22:28725099:A:G	0/0	50	0.996
OFH100079	22:28725099:A:G	0/0	50	0.996
OFH100080	22:28725099:A:G	0/0	50	0.996
OFH100081	22:28725099:A:G	0/0	50	0.996
OFH100082	22:28725099:A:G	0/1	55	0.996
OFH100083	22:28725099:A:G	0/0	50	0.996
OFH100084	22:28725099:A:G	0/1	55	0.996
OFH100085	22:28725099:A:G	0/0	50	0.996
OFH100086	22:28725099:A:G	0/1	55	0.996
OFH100087	22:28725099:A:G	0/0	50	0.996
OFH100088	22:28725099:A:G	0/0	50	0.996
OFH100089	22:28725099:A:G	0/0	50	0.996
OFH100090	22:28725099:A:G	0/0	50	0.996
OFH100091	22:28725099:A:G	0/0	50	0.996
OFH100092	22:28725099:A:G	0/0	50	0.996
OFH100093	22:28725099:A:G	0/0	50	0.996
OFH100094	22:28725099:A:G	0/0	50	0.996
OFH100095	22:28725099:A:G	0/1	55	0.996
OFH100096	22:28725099:A:G	0/1	55	0.996
OFH100097	22:28725099:A:G	0/0	50	0.996
OFH100098	22:28725099:A:G	0/1	55	0.996
OFH100099	22:28725099:A:G	0/0	50	0.996
OFH100100	22:28725099:A:G	0/0	50	0.996
OFH100101	22:28725099:A:G	0/0	50	0.996
OFH100102	22:28725099:A:G	0/0	50	0.996
OFH100103	22:28725099:A:G	0/0	50	0.996
OFH100104	22:28725099:A:G	0/1	55	0.996
OFH100105	22:28725099:A:G	0/0	50	0.996
OFH100106	22:28725099:A:G	0/1	55	0.996
OFH100107	22:28725099:A:G	0/0	50	0.996
OFH100108	22:28725099:A:G	0/0	50	0.996
OFH100109	22:28725099:A:G	0/0	50	0.996
OFH100110	22:28725099:A:G	0/0	50	0.996
OFH100111	22:28725099:A:G	0/0	50	0.996
OFH100112	22:28725099:A:G	0/0	50	0.996
OFH100113	22:28725099:A:G	0/0	50	0.996
OFH100114	22:28725099:A:G	0/0	50	0.996
OFH100115	22:28725099:A:G	0/1	55	0.996
OFH100116	22:28725099:A:G	0/0	50	0.996
OFH100117	22:28725099:A:G	0/1	55	0.996
OFH100118	22:28725099:A:G	0/0	50	0.996
OFH100119	22:28725099:A:G	0/0	50	0.996
OFH100120	22:28725099:A:G	0/0	50	0.996
OFH100121	22:28725099:A:G	0/0	50	0.996
OFH100122	22:28725099:A:G	0/0	50	0.996
OFH100123	22:28725099:A:G	0/0	50	0.996
OFH100124	22:28725099:A:G	0/0	50	0.996
OFH100125	22:28725099:A:G	0/0	50	0.996
OFH100126	22:28725099:A:G	0/0	50	0.996
OFH100127	22:28725099:A:G	0/0	50	0.996
OFH100128	22:28725099:A:G	0/0	50	0.996
OFH100129	22:28725099:A:G	0/0	50	0.996
OFH100130	22:28725099:A:G	0/0	50	0.996
OFH100131	22:28725099:A:G	0/1	55	0.996
OFH100132	22:28725099:A:G	0/0	50	0.996
OFH100133	22:28725099:A:G	0/0	50	0.996
OFH100134	22:28725099:A:G	0/0	50	0.996
OFH100135	22:28725099:A:G	0/0	50	0.996
OFH100136	22:28725099:A:G	0/0	50	0.996
OFH100137	22:28725099:A:G	0/0	50	0.996
OFH100138	22:28725099:A:G	0/1	55	0.996
OFH100139	22:28725099:A:G	0/0	50	0.996
OFH100140	22:28725099:A:G	0/0	50	0.996
OFH100141	22:28725099:A:G	0/0	50	0.996
OFH100142	22:28725099:A:G	0/0	50	0.996
OFH100143	22:28725099:A:G	0/0	50	0.996
OFH100144	22:28725099:A:G	0/0	50	0.996
OFH100145	22:28725099:A:G	0/0	50	0.996
OFH100146	22:28725099:A:G	0/0	50	0.996
OFH100147	22:28725099:A:G	0/0	50	0.996
OFH100148	22:28725099:A:G	0/0	50	0.996
OFH100149	22:28725099:A:G	0/0	50	0.996
OFH100150	22:28725099:A:G	0/0	50	0.996
OFH100151	22:28725099:A:G	0/0	50	0.996
OFH100152	22:28725099:A:G	0/0	50	0.996
OFH100153	22:28725099:A:G	0/0	50	0.996
OFH100154	22:28725099:A:G	0/0	50	0.996
OFH100155	22:28725099:A:G	0/0	50	0.996
OFH100156	22:28725099:A:G	0/0	50	0.996
OFH100157	22:28725099:A:G	0/0	50	0.996
OFH100158	22:28725099:A:G	0/0	50	0.996
OFH100159	22:28725099:A:G	0/0	50	0.996
OFH100160	22:28725099:A:G	0/0	50	0.996
OFH100161	22:28725099:A:G	0/0	50	0.996
OFH100162	22:28725099:A:G	0/0	50	0.996
OFH100163	22:28725099:A:G	0/0	50	0.996
OFH100164	22:28725099:A:G	0/0	50	0.996
OFH100165	22:28725099:A:G	0/0	50	0.996
OFH100166	22:28725099:A:G	0/0	50	0.996
OFH100167	22:28725099:A:G	0/0	50	0.996
OFH100168	22:28725099:A:G	0/0	50	0.996
OFH100169	22:28725099:A:G	0/0	50	0.996
OFH100170	22:28725099:A:G	0/0	50	0.996
OFH100171	22:28725099:A:G	0/0	50	0.996
OFH100172	22:28725099:A:G	0/0	50	0.996
OFH100173	22:28725099:A:G	0/0	50	0.996
OFH100174	22:28725099:A:G	0/0	50	0.996
OFH100175	22:28725099:A:G	0/0	50	0.996
OFH100176	22:28725099:A:G	0/0	50	0.996
OFH100177	22:28725099:A:G	0/0	50	0.996
OFH100178	22:28725099:A:G	0/0	50	0.996
OFH100179	22:28725099:A:G	0/0	50	0.996
OFH100180	22:28725099:A:G	0/0	50	0.996
OFH100181	22:28725099:A:G	0/0	50	0.996
OFH100182	22:28725099:A:G	0/0	50	0.996
OFH100183	22:28725099:A:G	0/0	50	0.996
OFH100184	22:28725099:A:G	0/0	50	0.996
OFH100185	22:28725099:A:G	0/0	50	0.996
OFH100186	22:28725099:A:G	0/0	50	0.996
OFH100187	22:28725099:A:G	0/0	50	0.996
OFH100188	22:28725099:A:G	0/0	50	0.996
OFH100189	22:28725099:A:G	0/0	50	0.996
OFH100190	22:28725099:A:G	0/0	50	0.996
OFH100191	22:28725099:A:G	0/0	50	0.996
OFH100192	22:28725099:A:G	0/0	50	0.996
OFH100193	22:28725099:A:G	0/0	50	0.996
OFH100194	22:28725099:A:G	0/0	50	0.996
OFH100195	22:28725099:A:G	0/0	50	0.996
OFH100196	22:28725099:A:G	0/0	50	0.996
OFH100197	22:28725099:A:G	0/0	50	0.996
OFH100198	22:28725099:A:G	0/0	50	0.996
OFH100199	22:28725099:A:G	0/0	50	0.996
OFH100200	22:28725099:A:G	0/0	50	0.996
OFH100201	22:28725099:A:G	0/0	50	0.996
OFH100202	22:28725099:A:G	0/0	50	0.996
OFH100203	22:28725099:A:G	0/0	50	0.996
OFH100204	22:28725099:A:G	0/0	50	0.996
OFH100205	22:28725099:A:G	0/0	50	0.996
OFH100206	22:28725099:A:G	0/0	50	0.996
OFH100207	22:28725099:A:G	0/0	50	0.996
OFH100208	22:28725099:A:G	0/0	50	0.996
OFH100209	22:28725099:A:G	0/0	50	0.996
OFH100210	22:28725099:A:G	0/0	50	0.996
OFH100211	22:28725099:A:G	0/0	50	0.996
OFH100212	22:28725099:A:G	0/0	50	0.996
OFH100213	22:28725099:A:G	0/0	50	0.996
OFH100214	22:28725099:A:G	0/0	50	0.996
OFH100215	22:28725099:A:G	0/0	50	0.996
OFH100216	22:28725099:A:G	0/0	50	0.996
OFH100217	22:28725099:A:G	0/0	50	0.996
OFH100218	22:28725099:A:G	0/0	50	0.996
OFH100219	22:28725099:A:G	0/0	50	0.996
OFH100220	22:28725099:A:G	0/0	50	0.996
OFH100221	22:28725099:A:G	0/0	50	0.996
OFH100222	22:28725099:A:G	0/0	50	0.996
OFH100223	22:28725099:A:G	0/0	50	0.996
OFH100224	22:28725099:A:G	0/0	50	0.996
OFH100225	22:28725099:A:G	0/0	50	0.996
OFH100226	22:28725099:A:G	0/0	50	0.996
OFH100227	22:28725099:A:G	0/0	50	0.996
OFH100228	22:28725099:A:G	0/0	50	0.996
OFH100229	22:28725099:A:G	0/0	50	0.996
OFH100230	22:28725099:A:G	0/0	50	0.996
OFH100231	22:28725099:A:G	0/0	50	0.996
OFH100232	22:28725099:A:G	0/0	50	0.996
OFH100233	22:28725099:A:G	0/0	50	0.996
OFH100234	22:28725099:A:G	0/0	50	0.996
OFH100235	22:28725099:A:G	0/0	50	0.996
OFH100236	22:28725099:A:G	0/0	50	0.996
OFH100237	22:28725099:A:G	0/0	50	0.996
OFH100238	22:28725099:A:G	0/0	50	0.996
OFH100239	22:28725099:A:G	0/0	50	0.996
OFH100240	22:28725099:A:G	0/0	50	0.996
OFH100241	22:28725099:A:G	0/0	50	0.996
OFH100242	22:28725099:A:G	0/0	50	0.996
OFH100243	22:28725099:A:G	0/0	50	0.996
OFH100244	22:28725099:A:G	0/0	50	0.996
OFH100245	22:28725099:A:G	0/0	50	0.996
OFH100246	22:28725099:A:G	0/0	50	0.996
OFH100247	22:28725099:A:G	0/0	50	0.996
OFH100248	22:28725099:A:G	0/0	50	0.996
OFH100249	22:28725099:A:G	0/0	50	0.996
OFH100250	22:28725099:A:G	0/0	50	0.996
OFH100251	22:28725099:A:G	0/0	50	0.996
OFH100252	22:28725099:A:G	0/0	50	0.996
OFH100253	22:28725099:A:G	0/0	50	0.996
OFH100254	22:28725099:A:G	0/0	50	0.996
OFH100255	22:28725099:A:G	0/0	50	0.996
OFH100256	22:28725099:A:G	0/0	50	0.996
OFH100257	22:28725099:A:G	0/0	50	0.996
OFH100258	22:28725099:A:G	0/0	50	0.996
OFH100259	22:28725099:A:G	0/0	50	0.996
OFH100260	22:28725099:A:G	0/0	50	0.996
OFH100261	22:28725099:A:G	0/0	50	0.996
OFH100262	22:28725099:A:G	0/0	50	0.996
OFH100263	22:28725099:A:G	0/0	50	0.996
OFH100264	22:28725099:A:G	0/0	50	0.996
OFH100265	22:28725099:A:G	0/0	50	0.996
OFH100266	22:28725099:A:G	0/0	50	0.996
OFH100267	22:28725099:A:G	0/0	50	0.996
OFH100268	22:28725099:A:G	0/0	50	0.996
OFH100269	22:28725099:A:G	0/0	50	0.996
OFH100270	22:28725099:A:G	0/0	50	0.996
OFH100271	22:28725099:A:G	0/0	50	0.996
OFH100272	22:28725099:A:G	0/0	50	0.996
OFH100273	22:28725099:A:G	0/0	50	0.996
OFH100274	22:28725099:A:G	0/0	50	0.996
OFH100275	22:28725099:A:G	0/0	50	0.996
OFH100276	22:28725099:A:G	0/0	50	0.996
OFH100277	22:28725099:A:G	0/0	50	0.996
OFH100278	22:28725099:A:G	0/0	50	0.996
OFH100279	22:28725099:A:G	0/0	50	0.996
OFH100280	22:28725099:A:G	0/0	50	0.996
OFH100281	22:28725099:A:G	0/0	50	0.996
OFH100282	22:28725099:A:G	0/0	50	0.996
OFH100283	22:28725099:A:G	0/0	50	0.996
OFH100284	22:28725099:A:G	0/0	50	0.996
OFH100285	22:28725099:A:G	0/0	50	0.996
OFH100286	22:28725099:A:G	0/0	50	0.996
OFH100287	22:28725099:A:G	0/0	50	0.996
OFH100288	22:28725099:A:G	0/0	50	0.996
OFH100289	22:28725099:A:G	0/0	50	0.996
OFH100290	22:28725099:A:G	0/0	50	0.996
OFH100291	22:28725099:A:G	0/0	50	0.996
OFH100292	22:28725099:A:G	0/0	50	0.996
OFH100293	22:28725099:A:G	0/0	50	0.996
OFH100294	22:28725099:A:G	0/0	50	0.996
OFH100295	22:28725099:A:G	0/0	50	0.996
OFH100296	22:28725099:A:G	0/0	50	0.996
OFH100297	22:28725099:A:G	0/0	50	0.996
OFH100298	22:28725099:A:G	0/0	50	0.996
OFH100299	22:28725099:A:G	0/0	50	0.996
OFH100300	22:28725099:A:G	0/0	50	0.996
OFH100301	22:28725099:A:G	0/0	50	0.996
OFH100302	22:28725099:A:G	0/0	50	0.996
OFH100303	22:28725099:A:G	0/0	50	0.996
OFH100304	22:28725099:A:G	0/0	50	0.996
OFH100305	22:28725099:A:G	0/0	50	0.996
OFH100306	22:28725099:A:G	0/0	50	0.996
OFH100307	22:28725099:A:G	0/0	50	0.996
OFH100308	22:28725099:A:G	0/0	50	0.996
OFH100309	22:28725099:A:G	0/0	50	0.996
OFH100310	22:28725099:A:G	0/0	50	0.996
OFH100311	22:28725099:A:G	0/0	50	0.996
OFH100312	22:28725099:A:G	0/0	50	0.996
OFH100313	22:28725099:A:G	0/0	50	0.996
OFH100314	22:28725099:A:G	0/0	50	0.996
OFH100315	22:28725099:A:G	0/0	50	0.996
OFH100316	22:28725099:A:G	0/0	50	0.996
OFH100317	22:28725099:A:G	0/0	50	0.996
OFH100318	22:28725099:A:G	0/0	50	0.996
OFH100319	22:28725099:A:G	0/0	50	0.996
OFH100320	22:28725099:A:G	0/0	50	0.996
OFH100321	22:28725099:A:G	0/0	50	0.996
OFH100322	22:28725099:A:G	0/0	50	0.996
OFH100323	22:28725099:A:G	0/0	50	0.996
OFH100324	22:28725099:A:G	0/0	50	0.996
OFH100325	22:28725099:A:G	0/0	50	0.996
OFH100326	22:28725099:A:G	0/0	50	0.996
OFH100327	22:28725099:A:G	0/0	50	0.996
OFH100328	22:28725099:A:G	0/0	50	0.996
OFH100329	22:28725099:A:G	0/0	50	0.996
OFH100330	22:28725099:A:G	0/0	50	0.996
OFH100331	22:28725099:A:G	0/0	50	0.996
OFH100332	22:28725099:A:G	0/0	50	0.996
OFH100333	22:28725099:A:G	0/0	50	0.996
OFH100334	22:28725099:A:G	0/0	50	0.996
OFH100335	22:28725099:A:G	0/0	50	0.996
OFH100336	22:28725099:A:G	0/0	50	0.996
OFH100337	22:28725099:A:G	0/0	50	0.996
OFH100338	22:28725099:A:G	0/0	50	0.996
OFH100339	22:28725099:A:G	0/0	50	0.996
OFH100340	22:28725099:A:G	0/0	50	0.996
OFH100341	22:28725099:A:G	0/0	50	0.996
OFH100342	22:28725099:A:G	0/0	50	0.996
OFH100343	22:28725099:A:G	0/0	50	0.996
OFH100344	22:28725099:A:G	0/0	50	0.996
OFH100345	22:28725099:A:G	0/0	50	0.996
OFH100346	22:28725099:A:G	0/0	50	0.996
OFH100347	22:28725099:A:G	0/0	50	0.996
OFH100348	22:28725099:A:G	0/0	50	0.996
OFH100349	22:28725099:A:G	0/0	50	0.996
OFH100350	22:28725099:A:G	0/0	50	0.996
OFH100351	22:28725099:A:G	0/0	50	0.996
OFH100352	22:28725099:A:G	0/0	50	0.996
OFH100353	22:28725099:A:G	0/0	50	0.996
OFH100354	22:28725099:A:G	0/0	50	0.996
OFH100355	22:28725099:A:G	0/0	50	0.996
OFH100356	22:28725099:A:G	0/0	50	0.996
OFH100357	22:28725099:A:G	0/0	50	0.996
OFH100358	22:28725099:A:G	0/0	50	0.996
OFH100359	22:28725099:A:G	0/0	50	0.996
OFH100360	22:28725099:A:G	0/0	50	0.996
OFH100361	22:28725099:A:G	0/0	50	0.996
OFH100362	22:28725099:A:G	0/0	50	0.996
OFH100363	22:28725099:A:G	0/0	50	0.996
OFH100364	22:28725099:A:G	0/0	50	0.996
OFH100365	22:28725099:A:G	0/0	50	0.996
OFH100366	22:28725099:A:G	0/0	50	0.996
OFH100367	22:28725099:A:G	0/0	50	0.996
OFH100368	22:28725099:A:G	0/0	50	0.996
OFH100369	22:28725099:A:G	0/0	50	0.996
OFH100370	22:28725099:A:G	0/0	50	0.996
OFH100371	22:28725099:A:G	0/0	50	0.996
OFH100372	22:28725099:A:G	0/0	50	0.996
OFH100373	22:28725099:A:G	0/0	50	0.996
OFH100374	22:28725099:A:G	0/0	50	0.996
OFH100375	22:28725099:A:G	0/0	50	0.996
OFH100376	22:28725099:A:G	0/0	50	0.996
OFH100377	22:28725099:A:G	0/0	50	0.996
OFH100378	22:28725099:A:G	0/0	50	0.996
OFH100379	22:28725099:A:G	0/0	50	0.996
OFH100380	22:28725099:A:G	0/0	50	0.996
OFH100381	22:28725099:A:G	0/0	50	0.996
OFH100382	22:28725099:A:G	0/0	50	0.996
OFH100383	22:28725099:A:G	0/0	50	0.996
OFH100384	22:28725099:A:G	0/0	50	0.996
OFH100385	22:28725099:A:G	0/0	50	0.996
OFH100386	22:28725099:A:G	0/0	50	0.996
OFH100387	22:28725099:A:G	0/0	50	0.996
OFH100388	22:28725099:A:G	0/0	50	0.996
OFH100389	22:28725099:A:G	0/0	50	0.996
OFH100390	22:28725099:A:G	0/0	50	0.996
OFH100391	22:28725099:A:G	0/0	50	0.996
OFH100392	22:28725099:A:G	0/0	50	0.996
OFH100393	22:28725099:A:G	0/0	50	0.996
OFH100394	22:28725099:A:G	0/0	50	0.996
OFH100395	22:28725099:A:G	0/0	50	0.996
OFH100396	22:28725099:A:G	0/0	50	0.996
OFH100397	22:28725099:A:G	0/0	50	0.996
OFH100398	22:28725099:A:G	0/0	50	0.996
OFH100399	22:28725099:A:G	0/0	50	0.996
OFH100400	22:28725099:A:G	0/0	50	0.996
OFH100401	22:28725099:A:G	0/0	50	0.996
OFH100402	22:28725099:A:G	0/0	50	0.996
OFH100403	22:28725099:A:G	0/0	50	0.996
OFH100404	22:28725099:A:G	0/0	50	0.996
OFH100405	22:28725099:A:G	0/0	50	0.996
OFH100406	22:28725099:A:G	0/0	50	0.996
OFH100407	22:28725099:A:G	0/0	50	0.996
OFH100408	22:28725099:A:G	0/0	50	0.996
OFH100409	22:28725099:A:G	0/0	50	0.996
OFH100410	22:28725099:A:G	0/0	50	0.996
OFH100411	22:28725099:A:G	0/0	50	0.996
OFH100412	22:28725099:A:G	0/0	50	0.996
OFH100413	22:28725099:A:G	0/0	50	0.996
OFH100414	22:28725099:A:G	0/0	50	0.996
OFH100415	22:28725099:A:G	0/0	50	0.996
OFH100416	22:28725099:A:G	0/0	50	0.996
OFH100417	22:28725099:A:G	0/0	50	0.996
OFH100418	22:28725099:A:G	0/0	50	0.996
OFH100419	22:28725099:A:G	0/0	50	0.996
OFH100420	22:28725099:A:G	0/0	50	0.996
OFH100421	22:28725099:A:G	0/0	50	0.996
OFH100422	22:28725099:A:G	0/0	50	0.996
OFH100423	22:28725099:A:G	0/0	50	0.996
OFH100424	22:28725099:A:G	0/0	50	0.996
OFH100425	22:28725099:A:G	0/0	50	0.996
OFH100426	22:28725099:A:G	0/0	50	0.996
OFH100427	22:28725099:A:G	0/0	50	0.996
OFH100428	22:28725099:A:G	0/0	50	0.996
OFH100429	22:28725099:A:G	0/0	50	0.996
OFH100430	22:28725099:A:G	0/0	50	0.996
OFH100431	22:28725099:A:G	0/0	50	0.996
OFH100432	22:28725099:A:G	0/0	50	0.996
OFH100433	22:28725099:A:G	0/0	50	0.996
OFH100434	22:28725099:A:G	0/0	50	0.996
OFH100435	22:28725099:A:G	0/0	50	0.996
OFH100436	22:28725099:A:G	0/0	50	0.996
OFH100437	22:28725099:A:G	0/0	50	0.996
OFH100438	22:28725099:A:G	0/0	50	0.996
OFH100439	22:28725099:A:G	0/0	50	0.996
OFH100440	22:28725099:A:G	0/0	50	0.996
OFH100441	22:28725099:A:G	0/0	50	0.996
OFH100442	22:28725099:A:G	0/0	50	0.996
OFH100443	22:28725099:A:G	0/0	50	0.996
OFH100444	22:28725099:A:G	0/0	50	0.996
OFH100445	22:28725099:A:G	0/0	50	0.996
OFH100446	22:28725099:A:G	0/0	50	0.996
OFH100447	22:28725099:A:G	0/0	50	0.996
OFH100448	22:28725099:A:G	0/0	50	0.996
OFH100449	22:28725099:A:G	0/0	50	0.996
OFH100450	22:28725099:A:G	0/0	50	0.996
OFH100451	22:28725099:A:G	0/0	50	0.996
OFH100452	22:28725099:A:G	0/0	50	0.996
OFH100453	22:28725099:A:G	0/0	50	0.996
OFH100454	22:28725099:A:G	0/0	50	0.996
OFH100455	22:28725099:A:G	0/0	50	0.996
OFH100456	22:28725099:A:G	0/0	50	0.996
OFH100457	22:28725099:A:G	0/0	50	0.996
OFH100458	22:28725099:A:G	0/0	50	0.996
OFH100459	22:28725099:A:G	0/0	50	0.996
OFH100460	22:28725099:A:G	0/0	50	0.996
OFH100461	22:28725099:A:G	0/0	50	0.996
OFH100462	22:28725099:A:G	0/0	50	0.996
OFH100463	22:28725099:A:G	0/0	50	0.996
OFH100464	22:28725099:A:G	0/0	50	0.996
OFH100465	22:28725099:A:G	0/0	50	0.996
OFH100466	22:28725099:A:G	0/0	50	0.996
OFH100467	22:28725099:A:G	0/0	50	0.996
OFH100468	22:28725099:A:G	0/0	50	0.996
OFH100469	22:28725099:A:G	0/0	50	0.996
OFH100470	22:28725099:A:G	0/0	50	0.996
OFH100471	22:28725099:A:G	0/0	50	0.996
OFH100472	22:28725099:A:G	0/0	50	0.996
OFH100473	22:28725099:A:G	0/0	50	0.996
OFH100474	22:28725099:A:G	0/0	50	0.996
OFH100475	22:28725099:A:G	0/0	50	0.996
OFH100476	22:28725099:A:G	0/0	50	0.996
OFH100477	22:28725099:A:G	0/0	50	0.996
OFH100478	22:28725099:A:G	0/0	50	0.996
OFH100479	22:28725099:A:G	0/0	50	0.996
OFH100480	22:28725099:A:G	0/0	50	0.996
OFH100481	22:28725099:A:G	0/0	50	0.996
OFH100482	22:28725099:A:G	0/0	50	0.996
OFH100483	22:28725099:A:G	0/0	50	0.996
OFH100484	22:28725099:A:G	0/0	50	0.996
OFH100485	22:28725099:A:G	0/0	50	0.996
OFH100486	22:28725099:A:G	0/0	50	0.996
OFH100487	22:28725099:A:G	0/0	50	0.996
OFH100488	22:28725099:A:G	0/0	50	0.996
OFH100489	22:28725099:A:G	0/0	50	0.996
OFH100490	22:28725099:A:G	0/0	50	0.996
OFH100491	22:28725099:A:G	0/0	50	0.996
OFH100492	22:28725099:A:G	0/0	50	0.996
OFH100493	22:28725099:A:G	0/0	50	0.996
OFH100494	22:28725099:A:G	0/0	50	0.996
OFH100495	22:28725099:A:G	0/0	50	0.996
OFH100496	22:28725099:A:G	0/0	50	0.996
OFH100497	22:28725099:A:G	0/0	50	0.996
OFH100498	22:28725099:A:G	0/0	50	0.996
OFH100499	22:28725099:A:G	0/0	50	0.996
OFH100000	17:43044295:G:A	1/1	55	0.996
OFH100001	17:43044295:G:A	0/1	55	0.996
OFH100002	17:43044295:G:A	0/1	55	0.996
OFH100003	17:43044295:G:A	0/1	55	0.996
OFH100004	17:43044295:G:A	0/1	55	0.996
OFH100005	17:43044295:G:A	0/1	55	0.996
OFH100006	17:43044295:G:A	0/1	55	0.996
OFH100007	17:43044295:G:A	0/1	55	0.996
OFH100008	17:43044295:G:A	0/1	55	0.996
OFH100009	17:43044295:G:A	0/1	55	0.996
OFH100010	17:43044295:G:A	0/1	55	0.996
OFH100011	17:43044295:G:A	0/1	55	0.996
OFH100012	17:43044295:G:A	0/0	50	0.996
OFH100013	17:43044295:G:A	0/1	55	0.996
OFH100014	17:43044295:G:A	0/1	55	0.996
OFH100015	17:43044295:G:A	0/1	55	0.996
OFH100016	17:43044295:G:A	0/1	55	0.996
OFH100017	17:43044295:G:A	1/1	55	0.996
OFH100018	17:43044295:G:A	0/1	55	0.996
OFH100019	17:43044295:G:A	0/1	55	0.996
OFH100020	17:43044295:G:A	0/1	55	0.996
OFH100021	17:43044295:G:A	0/1	55	0.996
OFH100022	17:43044295:G:A	0/1	55	0.996
OFH100023	17:43044295:G:A	0/1	55	0.996
OFH100024	17:43044295:G:A	0/1	55	0.996
OFH100025	17:43044295:G:A	0/1	55	0.996
OFH100026	17:43044295:G:A	0/1	55	0.996
OFH100027	17:43044295:G:A	0/1	55	0.996
OFH100028	17:43044295:G:A	0/1	55	0.996
OFH100029	17:43044295:G:A	0/1	55	0.996
OFH100030	17:43044295:G:A	0/1	55	0.996
OFH100031	17:43044295:G:A	0/1	55	0.996
OFH100032	17:43044295:G:A	0/1	55	0.996
OFH100033	17:43044295:G:A	0/1	55	0.996
OFH100034	17:43044295:G:A	1/1	55	0.996
OFH100035	17:43044295:G:A	0/1	55	0.996
OFH100036	17:43044295:G:A	0/1	55	0.996
OFH100037	17:43044295:G:A	0/0	50	0.996
OFH100038	17:43044295:G:A	0/0	50	0.996
OFH100039	17:43044295:G:A	0/0	50	0.996
OFH100040	17:43044295:G:A	0/1	55	0.996
OFH100041	17:43044295:G:A	0/0	50	0.996
OFH100042	17:43044295:G:A	0/0	50	0.996
OFH100043	17:43044295:G:A	0/1	55	0.996
OFH100044	17:43044295:G:A	0/0	50	0.996
OFH100045	17:43044295:G:A	0/1	55	0.996
OFH100046	17:43044295:G:A	0/0	50	0.996
OFH100047	17:43044295:G:A	0/0	50	0.996
OFH100048	17:43044295:G:A	0/0	50	0.996
OFH100049	17:43044295:G:A	0/0	50	0.996
OFH100050	17:43044295:G:A	0/0	50	0.996
OFH100051	17:43044295:G:A	0/0	50	0.996
OFH100052	17:43044295:G:A	0/1	55	0.996
OFH100053	17:43044295:G:A	0/1	55	0.996
OFH100054	17:43044295:G:A	0/0	50	0.996
OFH100055	17:43044295:G:A	0/0	50	0.996
OFH100056	17:43044295:G:A	0/0	50	0.996
OFH100057	17:43044295:G:A	0/0	50	0.996
OFH100058	17:43044295:G:A	0/0	50	0.996
OFH100059	17:43044295:G:A	0/0	50	0.996
OFH100060	17:43044295:G:A	0/0	50	0.996
OFH100061	17:43044295:G:A	0/1	55	0.996
OFH100062	17:43044295:G:A	0/0	50	0.996
OFH100063	17:43044295:G:A	0/1	55	0.996
OFH100064	17:43044295:G:A	0/0	50	0.996
OFH100065	17:43044295:G:A	0/1	55	0.996
OFH100066	17:43044295:G:A	0/0	50	0.996
OFH100067	17:43044295:G:A	0/1	55	0.996
OFH100068	17:43044295:G:A	0/0	50	0.996
OFH100069	17:43044295:G:A	0/0	50	0.996
OFH100070	17:43044295:G:A	0/0	50	0.996
OFH100071	17:43044295:G:A	0/0	50	0.996
OFH100072	17:43044295:G:A	0/0	50	0.996
OFH100073	17:43044295:G:A	0/0	50	0.996
OFH100074	17:43044295:G:A	0/0	50	0.996
OFH100075	17:43044295:G:A	0/0	50	0.996
OFH100076	17:43044295:G:A	0/1	55	0.996
OFH100077	17:43044295:G:A	0/0	50	0.996
OFH100078	17:43044295:G:A	0/0	50	0.996
OFH100079	17:43044295:G:A	0/0	50	0.996
OFH100080	17:43044295:G:A	0/0	50	0.996
OFH100081	17:43044295:G:A	0/0	50	0.996
OFH100082	17:43044295:G:A	0/1	55	0.996
OFH100083	17:43044295:G:A	0/0	50	0.996
OFH100084	17:43044295:G:A	0/1	55	0.996
OFH100085	17:43044295:G:A	0/0	50	0.996
OFH100086	17:43044295:G:A	0/1	55	0.996
OFH100087	17:43044295:G:A	0/0	50	0.996
OFH100088	17:43044295:G:A	0/0	50	0.996
OFH100089	17:43044295:G:A	0/0	50	0.996
OFH100090	17:43044295:G:A	0/0	50	0.996
OFH100091	17:43044295:G:A	0/0	50	0.996
OFH100092	17:43044295:G:A	0/0	50	0.996
OFH100093	17:43044295:G:A	0/0	50	0.996
OFH100094	17:43044295:G:A	0/0	50	0.996
OFH100095	17:43044295:G:A	0/1	55	0.996
OFH100096	17:43044295:G:A	0/1	55	0.996
OFH100097	17:43044295:G:A	0/0	50	0.996
OFH100098	17:43044295:G:A	0/1	55	0.996
OFH100099	17:43044295:G:A	0/0	50	0.996
OFH100100	17:43044295:G:A	0/0	50	0.996
OFH100101	17:43044295:G:A	0/0	50	0.996
OFH100102	17:43044295:G:A	0/0	50	0.996
OFH100103	17:43044295:G:A	0/0	50	0.996
OFH100104	17:43044295:G:A	0/1	55	0.996
OFH100105	17:43044295:G:A	0/0	50	0.996
OFH100106	17:43044295:G:A	0/0	50	0.996
OFH100107	17:43044295:G:A	0/0	50	0.996
OFH100108	17:43044295:G:A	0/0	50	0.996
OFH100109	17:43044295:G:A	0/0	50	0.996
OFH100110	17:43044295:G:A	0/0	50	0.996
OFH100111	17:43044295:G:A	0/0	50	0.996
OFH100112	17:43044295:G:A	0/0	50	0.996
OFH100113	17:43044295:G:A	0/0	50	0.996
OFH100114	17:43044295:G:A	0/0	50	0.996
OFH100115	17:43044295:G:A	0/1	55	0.996
OFH100116	17:43044295:G:A	0/0	50	0.996
OFH100117	17:43044295:G:A	0/0	50	0.996
OFH100118	17:43044295:G:A	0/0	50	0.996
OFH100119	17:43044295:G:A	0/0	50	0.996
OFH100120	17:43044295:G:A	0/0	50	0.996
OFH100121	17:43044295:G:A	0/0	50	0.996
OFH100122	17:43044295:G:A	0/0	50	0.996
OFH100123	17:43044295:G:A	0/0	50	0.996
OFH100124	17:43044295:G:A	0/0	50	0.996
OFH100125	17:43044295:G:A	0/0	50	0.996
OFH100126	17:43044295:G:A	0/0	50	0.996
OFH100127	17:43044295:G:A	0/0	50	0.996
OFH100128	17:43044295:G:A	0/0	50	0.996
OFH100129	17:43044295:G:A	0/0	50	0.996
OFH100130	17:43044295:G:A	0/0	50	0.996
OFH100131	17:43044295:G:A	0/0	50	0.996
OFH100132	17:43044295:G:A	0/0	50	0.996
OFH100133	17:43044295:G:A	0/0	50	0.996
OFH100134	17:43044295:G:A	0/0	50	0.996
OFH100135	17:43044295:G:A	0/0	50	0.996
OFH100136	17:43044295:G:A	0/0	50	0.996
OFH100137	17:43044295:G:A	0/0	50	0.996
OFH100138	17:43044295:G:A	0/0	50	0.996
OFH100139	17:43044295:G:A	0/0	50	0.996
OFH100140	17:43044295:G:A	0/0	50	0.996
OFH100141	17:43044295:G:A	0/0	50	0.996
OFH100142	17:43044295:G:A	0/0	50	0.996
OFH100143	17:43044295:G:A	0/0	50	0.996
OFH100144	17:43044295:G:A	0/0	50	0.996
OFH100145	17:43044295:G:A	0/0	50	0.996
OFH100146	17:43044295:G:A	0/0	50	0.996
OFH100147	17:43044295:G:A	0/0	50	0.996
OFH100148	17:43044295:G:A	0/0	50	0.996
OFH100149	17:43044295:G:A	0/0	50	0.996
OFH100150	17:43044295:G:A	0/0	50	0.996
OFH100151	17:43044295:G:A	0/0	50	0.996
OFH100152	17:43044295:G:A	0/0	50	0.996
OFH100153	17:43044295:G:A	0/0	50	0.996
OFH100154	17:43044295:G:A	0/0	50	0.996
OFH100155	17:43044295:G:A	0/0	50	0.996
OFH100156	17:43044295:G:A	0/0	50	0.996
OFH100157	17:43044295:G:A	0/0	50	0.996
OFH100158	17:43044295:G:A	0/0	50	0.996
OFH100159	17:43044295:G:A	0/0	50	0.996
OFH100160	17:43044295:G:A	0/0	50	0.996
OFH100161	17:43044295:G:A	0/0	50	0.996
OFH100162	17:43044295:G:A	0/0	50	0.996
OFH100163	17:43044295:G:A	0/0	50	0.996
OFH100164	17:43044295:G:A	0/0	50	0.996
OFH100165	17:43044295:G:A	0/0	50	0.996
OFH100166	17:43044295:G:A	0/0	50	0.996
OFH100167	17:43044295:G:A	0/0	50	0.996
OFH100168	17:43044295:G:A	0/0	50	0.996
OFH100169	17:43044295:G:A	0/0	50	0.996
OFH100170	17:43044295:G:A	0/0	50	0.996
OFH100171	17:43044295:G:A	0/0	50	0.996
OFH100172	17:43044295:G:A	0/0	50	0.996
OFH100173	17:43044295:G:A	0/0	50	0.996
OFH100174	17:43044295:G:A	0/0	50	0.996
OFH100175	17:43044295:G:A	0/0	50	0.996
OFH100176	17:43044295:G:A	0/0	50	0.996
OFH100177	17:43044295:G:A	0/0	50	0.996
OFH100178	17:43044295:G:A	0/0	50	0.996
OFH100179	17:43044295:G:A	0/0	50	0.996
OFH100180	17:43044295:G:A	0/0	50	0.996
OFH100181	17:43044295:G:A	0/0	50	0.996
OFH100182	17:43044295:G:A	0/0	50	0.996
OFH100183	17:43044295:G:A	0/0	50	0.996
OFH100184	17:43044295:G:A	0/0	50	0.996
OFH100185	17:43044295:G:A	0/0	50	0.996
OFH100186	17:43044295:G:A	0/0	50	0.996
OFH100187	17:43044295:G:A	0/0	50	0.996
OFH100188	17:43044295:G:A	0/0	50	0.996
OFH100189	17:43044295:G:A	0/0	50	0.996
OFH100190	17:43044295:G:A	0/0	50	0.996
OFH100191	17:43044295:G:A	0/0	50	0.996
OFH100192	17:43044295:G:A	0/0	50	0.996
OFH100193	17:43044295:G:A	0/0	50	0.996
OFH100194	17:43044295:G:A	0/0	50	0.996
OFH100195	17:43044295:G:A	0/0	50	0.996
OFH100196	17:43044295:G:A	0/0	50	0.996
OFH100197	17:43044295:G:A	0/0	50	0.996
OFH100198	17:43044295:G:A	0/0	50	0.996
OFH100199	17:43044295:G:A	0/0	50	0.996
OFH100200	17:43044295:G:A	0/0	50	0.996
OFH100201	17:43044295:G:A	0/0	50	0.996
OFH100202	17:43044295:G:A	0/0	50	0.996
OFH100203	17:43044295:G:A	0/0	50	0.996
OFH100204	17:43044295:G:A	0/0	50	0.996
OFH100205	17:43044295:G:A	0/0	50	0.996
OFH100206	17:43044295:G:A	0/0	50	0.996
OFH100207	17:43044295:G:A	0/0	50	0.996
OFH100208	17:43044295:G:A	0/0	50	0.996
OFH100209	17:43044295:G:A	0/0	50	0.996
OFH100210	17:43044295:G:A	0/0	50	0.996
OFH100211	17:43044295:G:A	0/0	50	0.996
OFH100212	17:43044295:G:A	0/0	50	0.996
OFH100213	17:43044295:G:A	0/0	50	0.996
OFH100214	17:43044295:G:A	0/0	50	0.996
OFH100215	17:43044295:G:A	0/0	50	0.996
OFH100216	17:43044295:G:A	0/0	50	0.996
OFH100217	17:43044295:G:A	0/0	50	0.996
OFH100218	17:43044295:G:A	0/0	50	0.996
OFH100219	17:43044295:G:A	0/0	50	0.996
OFH100220	17:43044295:G:A	0/0	50	0.996
OFH100221	17:43044295:G:A	0/0	50	0.996
OFH100222	17:43044295:G:A	0/0	50	0.996
OFH100223	17:43044295:G:A	0/0	50	0.996
OFH100224	17:43044295:G:A	0/0	50	0.996
OFH100225	17:43044295:G:A	0/0	50	0.996
OFH100226	17:43044295:G:A	0/0	50	0.996
OFH100227	17:43044295:G:A	0/0	50	0.996
OFH100228	17:43044295:G:A	0/0	50	0.996
OFH100229	17:43044295:G:A	0/0	50	0.996
OFH100230	17:43044295:G:A	0/0	50	0.996
OFH100231	17:43044295:G:A	0/0	50	0.996
OFH100232	17:43044295:G:A	0/0	50	0.996
OFH100233	17:43044295:G:A	0/0	50	0.996
OFH100234	17:43044295:G:A	0/0	50	0.996
OFH100235	17:43044295:G:A	0/0	50	0.996
OFH100236	17:43044295:G:A	0/0	50	0.996
OFH100237	17:43044295:G:A	0/0	50	0.996
OFH100238	17:43044295:G:A	0/0	50	0.996
OFH100239	17:43044295:G:A	0/0	50	0.996
OFH100240	17:43044295:G:A	0/0	50	0.996
OFH100241	17:43044295:G:A	0/0	50	0.996
OFH100242	17:43044295:G:A	0/0	50	0.996
OFH100243	17:43044295:G:A	0/0	50	0.996
OFH100244	17:43044295:G:A	0/0	50	0.996
OFH100245	17:43044295:G:A	0/0	50	0.996
OFH100246	17:43044295:G:A	0/0	50	0.996
OFH100247	17:43044295:G:A	0/0	50	0.996
OFH100248	17:43044295:G:A	0/0	50	0.996
OFH100249	17:43044295:G:A	0/0	50	0.996
OFH100250	17:43044295:G:A	0/0	50	0.996
OFH100251	17:43044295:G:A	0/0	50	0.996
OFH100252	17:43044295:G:A	0/0	50	0.996
OFH100253	17:43044295:G:A	0/0	50	0.996
OFH100254	17:43044295:G:A	0/0	50	0.996
OFH100255	17:43044295:G:A	0/0	50	0.996
OFH100256	17:43044295:G:A	0/0	50	0.996
OFH100257	17:43044295:G:A	0/0	50	0.996
OFH100258	17:43044295:G:A	0/0	50	0.996
OFH100259	17:43044295:G:A	0/0	50	0.996
OFH100260	17:43044295:G:A	0/0	50	0.996
OFH100261	17:43044295:G:A	0/0	50	0.996
OFH100262	17:43044295:G:A	0/0	50	0.996
OFH100263	17:43044295:G:A	0/0	50	0.996
OFH100264	17:43044295:G:A	0/0	50	0.996
OFH100265	17:43044295:G:A	0/0	50	0.996
OFH100266	17:43044295:G:A	0/0	50	0.996
OFH100267	17:43044295:G:A	0/0	50	0.996
OFH100268	17:43044295:G:A	0/0	50	0.996
OFH100269	17:43044295:G:A	0/0	50	0.996
OFH100270	17:43044295:G:A	0/0	50	0.996
OFH100271	17:43044295:G:A	0/0	50	0.996
OFH100272	17:43044295:G:A	0/0	50	0.996
OFH100273	17:43044295:G:A	0/0	50	0.996
OFH100274	17:43044295:G:A	0/0	50	0.996
OFH100275	17:43044295:G:A	0/0	50	0.996
OFH100276	17:43044295:G:A	0/0	50	0.996
OFH100277	17:43044295:G:A	0/0	50	0.996
OFH100278	17:43044295:G:A	0/0	50	0.996
OFH100279	17:43044295:G:A	0/0	50	0.996
OFH100280	17:43044295:G:A	0/0	50	0.996
OFH100281	17:43044295:G:A	0/0	50	0.996
OFH100282	17:43044295:G:A	0/0	50	0.996
OFH100283	17:43044295:G:A	0/0	50	0.996
OFH100284	17:43044295:G:A	0/0	50	0.996
OFH100285	17:43044295:G:A	0/0	50	0.996
OFH100286	17:43044295:G:A	0/0	50	0.996
OFH100287	17:43044295:G:A	0/0	50	0.996
OFH100288	17:43044295:G:A	0/0	50	0.996
OFH100289	17:43044295:G:A	0/0	50	0.996
OFH100290	17:43044295:G:A	0/0	50	0.996
OFH100291	17:43044295:G:A	0/0	50	0.996
OFH100292	17:43044295:G:A	0/0	50	0.996
OFH100293	17:43044295:G:A	0/0	50	0.996
OFH100294	17:43044295:G:A	0/0	50	0.996
OFH100295	17:43044295:G:A	0/0	50	0.996
OFH100296	17:43044295:G:A	0/0	50	0.996
OFH100297	17:43044295:G:A	0/0	50	0.996
OFH100298	17:43044295:G:A	0/0	50	0.996
OFH100299	17:43044295:G:A	0/0	50	0.996
OFH100300	17:43044295:G:A	0/0	50	0.996
OFH100301	17:43044295:G:A	0/0	50	0.996
OFH100302	17:43044295:G:A	0/0	50	0.996
OFH100303	17:43044295:G:A	0/0	50	0.996
OFH100304	17:43044295:G:A	0/0	50	0.996
OFH100305	17:43044295:G:A	0/0	50	0.996
OFH100306	17:43044295:G:A	0/0	50	0.996
OFH100307	17:43044295:G:A	0/0	50	0.996
OFH100308	17:43044295:G:A	0/0	50	0.996
OFH100309	17:43044295:G:A	0/0	50	0.996
OFH100310	17:43044295:G:A	0/0	50	0.996
OFH100311	17:43044295:G:A	0/0	50	0.996
OFH100312	17:43044295:G:A	0/0	50	0.996
OFH100313	17:43044295:G:A	0/0	50	0.996
OFH100314	17:43044295:G:A	0/0	50	0.996
OFH100315	17:43044295:G:A	0/0	50	0.996
OFH100316	17:43044295:G:A	0/0	50	0.996
OFH100317	17:43044295:G:A	0/0	50	0.996
OFH100318	17:43044295:G:A	0/0	50	0.996
OFH100319	17:43044295:G:A	0/0	50	0.996
OFH100320	17:43044295:G:A	0/0	50	0.996
OFH100321	17:43044295:G:A	0/0	50	0.996
OFH100322	17:43044295:G:A	0/0	50	0.996
OFH100323	17:43044295:G:A	0/0	50	0.996
OFH100324	17:43044295:G:A	0/0	50	0.996
OFH100325	17:43044295:G:A	0/0	50	0.996
OFH100326	17:43044295:G:A	0/0	50	0.996
OFH100327	17:43044295:G:A	0/0	50	0.996
OFH100328	17:43044295:G:A	0/0	50	0.996
OFH100329	17:43044295:G:A	0/0	50	0.996
OFH100330	17:43044295:G:A	0/0	50	0.996
OFH100331	17:43044295:G:A	0/0	50	0.996
OFH100332	17:43044295:G:A	0/0	50	0.996
OFH100333	17:43044295:G:A	0/0	50	0.996
OFH100334	17:43044295:G:A	0/0	50	0.996
OFH100335	17:43044295:G:A	0/0	50	0.996
OFH100336	17:43044295:G:A	0/0	50	0.996
OFH100337	17:43044295:G:A	0/0	50	0.996
OFH100338	17:43044295:G:A	0/0	50	0.996
OFH100339	17:43044295:G:A	0/0	50	0.996
OFH100340	17:43044295:G:A	0/0	50	0.996
OFH100341	17:43044295:G:A	0/0	50	0.996
OFH100342	17:43044295:G:A	0/0	50	0.996
OFH100343	17:43044295:G:A	0/0	50	0.996
OFH100344	17:43044295:G:A	0/0	50	0.996
OFH100345	17:43044295:G:A	0/0	50	0.996
OFH100346	17:43044295:G:A	0/0	50	0.996
OFH100347	17:43044295:G:A	0/0	50	0.996
OFH100348	17:43044295:G:A	0/0	50	0.996
OFH100349	17:43044295:G:A	0/0	50	0.996
OFH100350	17:43044295:G:A	0/0	50	0.996
OFH100351	17:43044295:G:A	0/0	50	0.996
OFH100352	17:43044295:G:A	0/0	50	0.996
OFH100353	17:43044295:G:A	0/0	50	0.996
OFH100354	17:43044295:G:A	0/0	50	0.996
OFH100355	17:43044295:G:A	0/0	50	0.996
OFH100356	17:43044295:G:A	0/0	50	0.996
OFH100357	17:43044295:G:A	0/0	50	0.996
OFH100358	17:43044295:G:A	0/0	50	0.996
OFH100359	17:43044295:G:A	0/0	50	0.996
OFH100360	17:43044295:G:A	0/0	50	0.996
OFH100361	17:43044295:G:A	0/0	50	0.996
OFH100362	17:43044295:G:A	0/0	50	0.996
OFH100363	17:43044295:G:A	0/0	50	0.996
OFH100364	17:43044295:G:A	0/0	50	0.996
OFH100365	17:43044295:G:A	0/0	50	0.996
OFH100366	17:43044295:G:A	0/0	50	0.996
OFH100367	17:43044295:G:A	0/0	50	0.996
OFH100368	17:43044295:G:A	0/0	50	0.996
OFH100369	17:43044295:G:A	0/0	50	0.996
OFH100370	17:43044295:G:A	0/0	50	0.996
OFH100371	17:43044295:G:A	0/0	50	0.996
OFH100372	17:43044295:G:A	0/0	50	0.996
OFH100373	17:43044295:G:A	0/0	50	0.996
OFH100374	17:43044295:G:A	0/0	50	0.996
OFH100375	17:43044295:G:A	0/0	50	0.996
OFH100376	17:43044295:G:A	0/0	50	0.996
OFH100377	17:43044295:G:A	0/0	50	0.996
OFH100378	17:43044295:G:A	0/0	50	0.996
OFH100379	17:43044295:G:A	0/0	50	0.996
OFH100380	17:43044295:G:A	0/0	50	0.996
OFH100381	17:43044295:G:A	0/0	50	0.996
OFH100382	17:43044295:G:A	0/0	50	0.996
OFH100383	17:43044295:G:A	0/0	50	0.996
OFH100384	17:43044295:G:A	0/0	50	0.996
OFH100385	17:43044295:G:A	0/0	50	0.996
OFH100386	17:43044295:G:A	0/0	50	0.996
OFH100387	17:43044295:G:A	0/0	50	0.996
OFH100388	17:43044295:G:A	0/0	50	0.996
OFH100389	17:43044295:G:A	0/0	50	0.996
OFH100390	17:43044295:G:A	0/0	50	0.996
OFH100391	17:43044295:G:A	0/0	50	0.996
OFH100392	17:43044295:G:A	0/0	50	0.996
OFH100393	17:43044295:G:A	0/0	50	0.996
OFH100394	17:43044295:G:A	0/0	50	0.996
OFH100395	17:43044295:G:A	0/0	50	0.996
OFH100396	17:43044295:G:A	0/0	50	0.996
OFH100397	17:43044295:G:A	0/0	50	0.996
OFH100398	17:43044295:G:A	0/0	50	0.996
OFH100399	17:43044295:G:A	0/0	50	0.996
OFH100400	17:43044295:G:A	0/0	50	0.996
OFH100401	17:43044295:G:A	0/0	50	0.996
OFH100402	17:43044295:G:A	0/0	50	0.996
OFH100403	17:43044295:G:A	0/0	50	0.996
OFH100404	17:43044295:G:A	0/0	50	0.996
OFH100405	17:43044295:G:A	0/0	50	0.996
OFH100406	17:43044295:G:A	0/0	50	0.996
OFH100407	17:43044295:G:A	0/0	50	0.996
OFH100408	17:43044295:G:A	0/0	50	0.996
OFH100409	17:43044295:G:A	0/0	50	0.996
OFH100410	17:43044295:G:A	0/0	50	0.996
OFH100411	17:43044295:G:A	0/0	50	0.996
OFH100412	17:43044295:G:A	0/0	50	0.996
OFH100413	17:43044295:G:A	0/0	50	0.996
OFH100414	17:43044295:G:A	0/0	50	0.996
OFH100415	17:43044295:G:A	0/0	50	0.996
OFH100416	17:43044295:G:A	0/0	50	0.996
OFH100417	17:43044295:G:A	0/0	50	0.996
OFH100418	17:43044295:G:A	0/0	50	0.996
OFH100419	17:43044295:G:A	0/0	50	0.996
OFH100420	17:43044295:G:A	0/0	50	0.996
OFH100421	17:43044295:G:A	0/0	50	0.996
OFH100422	17:43044295:G:A	0/0	50	0.996
OFH100423	17:43044295:G:A	0/0	50	0.996
OFH100424	17:43044295:G:A	0/0	50	0.996
OFH100425	17:43044295:G:A	0/0	50	0.996
OFH100426	17:43044295:G:A	0/0	50	0.996
OFH100427	17:43044295:G:A	0/0	50	0.996
OFH100428	17:43044295:G:A	0/0	50	0.996
OFH100429	17:43044295:G:A	0/0	50	0.996
OFH100430	17:43044295:G:A	0/0	50	0.996
OFH100431	17:43044295:G:A	0/0	50	0.996
OFH100432	17:43044295:G:A	0/0	50	0.996
OFH100433	17:43044295:G:A	0/0	50	0.996
OFH100434	17:43044295:G:A	0/0	50	0.996
OFH100435	17:43044295:G:A	0/0	50	0.996
OFH100436	17:43044295:G:A	0/0	50	0.996
OFH100437	17:43044295:G:A	0/0	50	0.996
OFH100438	17:43044295:G:A	0/0	50	0.996
OFH100439	17:43044295:G:A	0/0	50	0.996
OFH100440	17:43044295:G:A	0/0	50	0.996
OFH100441	17:43044295:G:A	0/0	50	0.996
OFH100442	17:43044295:G:A	0/0	50	0.996
OFH100443	17:43044295:G:A	0/0	50	0.996
OFH100444	17:43044295:G:A	0/0	50	0.996
OFH100445	17:43044295:G:A	0/0	50	0.996
OFH100446	17:43044295:G:A	0/0	50	0.996
OFH100447	17:43044295:G:A	0/0	50	0.996
OFH100448	17:43044295:G:A	0/0	50	0.996
OFH100449	17:43044295:G:A	0/0	50	0.996
OFH100450	17:43044295:G:A	0/0	50	0.996
OFH100451	17:43044295:G:A	0/0	50	0.996
OFH100452	17:43044295:G:A	0/0	50	0.996
OFH100453	17:43044295:G:A	0/0	50	0.996
OFH100454	17:43044295:G:A	0/0	50	0.996
OFH100455	17:43044295:G:A	0/0	50	0.996
OFH100456	17:43044295:G:A	0/0	50	0.996
OFH100457	17:43044295:G:A	0/0	50	0.996
OFH100458	17:43044295:G:A	0/0	50	0.996
OFH100459	17:43044295:G:A	0/0	50	0.996
OFH100460	17:43044295:G:A	0/0	50	0.996
OFH100461	17:43044295:G:A	0/0	50	0.996
OFH100462	17:43044295:G:A	0/0	50	0.996
OFH100463	17:43044295:G:A	0/0	50	0.996
OFH100464	17:43044295:G:A	0/0	50	0.996
OFH100465	17:43044295:G:A	0/0	50	0.996
OFH100466	17:43044295:G:A	0/0	50	0.996
OFH100467	17:43044295:G:A	0/0	50	0.996
OFH100468	17:43044295:G:A	0/0	50	0.996
OFH100469	17:43044295:G:A	0/0	50	0.996
OFH100470	17:43044295:G:A	0/0	50	0.996
OFH100471	17:43044295:G:A	0/0	50	0.996
OFH100472	17:43044295:G:A	0/0	50	0.996
OFH100473	17:43044295:G:A	0/0	50	0.996
OFH100474	17:43044295:G:A	0/0	50	0.996
OFH100475	17:43044295:G:A	0/0	50	0.996
OFH100476	17:43044295:G:A	0/0	50	0.996
OFH100477	17:43044295:G:A	0/0	50	0.996
OFH100478	17:43044295:G:A	0/0	50	0.996
OFH100479	17:43044295:G:A	0/0	50	0.996
OFH100480	17:43044295:G:A	0/0	50	0.996
OFH100481	17:43044295:G:A	0/0	50	0.996
OFH100482	17:43044295:G:A	0/0	50	0.996
OFH100483	17:43044295:G:A	0/0	50	0.996
OFH100484	17:43044295:G:A	0/0	50	0.996
OFH100485	17:43044295:G:A	0/0	50	0.996
OFH100486	17:43044295:G:A	0/0	50	0.996
OFH100487	17:43044295:G:A	0/0	50	0.996
OFH100488	17:43044295:G:A	0/0	50	0.996
OFH100489	17:43044295:G:A	0/0	50	0.996
OFH100490	17:43044295:G:A	0/0	50	0.996
OFH100491	17:43044295:G:A	0/0	50	0.996
OFH100492	17:43044295:G:A	0/0	50	0.996
OFH100493	17:43044295:G:A	0/0	50	0.996
OFH100494	17:43044295:G:A	0/0	50	0.996
OFH100495	17:43044295:G:A	0/0	50	0.996
OFH100496	17:43044295:G:A	0/0	50	0.996
OFH100497	17:43044295:G:A	0/0	50	0.996
OFH100498	17:43044295:G:A	0/0	50	0.996
OFH100499	17:43044295:G:A	0/0	50	0.996
OFH100000	13:32316461:C:T	0/0	50	0.996
OFH100001	13:32316461:C:T	0/0	50	0.996
OFH100002	13:32316461:C:T	0/0	50	0.996
OFH100003	13:32316461:C:T	0/0	50	0.996
OFH100004	13:32316461:C:T	0/0	50	0.996
OFH100005	13:32316461:C:T	0/0	50	0.996
OFH100006	13:32316461:C:T	0/0	50	0.996
OFH100007	13:32316461:C:T	0/0	50	0.996
OFH100008	13:32316461:C:T	0/0	50	0.996
OFH100009	13:32316461:C:T	0/0	50	0.996
OFH100010	13:32316461:C:T	0/0	50	0.996
OFH100011	13:32316461:C:T	0/0	50	0.996
OFH100012	13:32316461:C:T	0/0	50	0.996
OFH100013	13:32316461:C:T	0/0	50	0.996
OFH100014	13:32316461:C:T	0/0	50	0.996
OFH100015	13:32316461:C:T	0/0	50	0.996
OFH100016	13:32316461:C:T	0/0	50	0.996
OFH100017	13:32316461:C:T	0/0	50	0.996
OFH100018	13:32316461:C:T	0/0	50	0.996
OFH100019	13:32316461:C:T	0/0	50	0.996
OFH100020	13:32316461:C:T	0/0	50	0.996
OFH100021	13:32316461:C:T	0/0	50	0.996
OFH100022	13:32316461:C:T	0/1	55	0.996
OFH100023	13:32316461:C:T	0/0	50	0.996
OFH100024	13:32316461:C:T	0/1	55	0.996
OFH100025	13:32316461:C:T	0/1	55	0.996
OFH100026	13:32316461:C:T	0/1	55	0.996
OFH100027	13:32316461:C:T	0/1	55	0.996
OFH100028	13:32316461:C:T	0/1	55	0.996
OFH100029	13:32316461:C:T	0/0	50	0.996
OFH100030	13:32316461:C:T	0/1	55	0.996
OFH100031	13:32316461:C:T	0/1	55	0.996
OFH100032	13:32316461:C:T	0/1	55	0.996
OFH100033	13:32316461:C:T	0/1	55	0.996
OFH100034	13:32316461:C:T	0/0	50	0.996
OFH100035	13:32316461:C:T	0/1	55	0.996
OFH100036	13:32316461:C:T	0/1	55	0.996
OFH100037	13:32316461:C:T	0/1	55	0.996
OFH100038	13:32316461:C:T	0/1	55	0.996
OFH100039	13:32316461:C:T	0/1	55	0.996
OFH100040	13:32316461:C:T	0/0	50	0.996
OFH100041	13:32316461:C:T	0/1	55	0.996
OFH100042	13:32316461:C:T	0/1	55	0.996
OFH100043	13:32316461:C:T	0/0	50	0.996
OFH100044	13:32316461:C:T	0/1	55	0.996
OFH100045	13:32316461:C:T	0/0	50	0.996
OFH100046	13:32316461:C:T	0/1	55	0.996
OFH100047	13:32316461:C:T	0/1	55	0.996
OFH100048	13:32316461:C:T	0/1	55	0.996
OFH100049	13:32316461:C:T	0/1	55	0.996
OFH100050	13:32316461:C:T	0/1	55	0.996
OFH100051	13:32316461:C:T	1/1	55	0.996
OFH100052	13:32316461:C:T	0/0	50	0.996
OFH100053	13:32316461:C:T	0/0	50	0.996
OFH100054	13:32316461:C:T	0/1	55	0.996
OFH100055	13:32316461:C:T	0/1	55	0.996
OFH100056	13:32316461:C:T	0/0	50	0.996
OFH100057	13:32316461:C:T	0/0	50	0.996
OFH100058	13:32316461:C:T	0/0	50	0.996
OFH100059	13:32316461:C:T	0/0	50	0.996
OFH100060	13:32316461:C:T	0/0	50	0.996
OFH100061	13:32316461:C:T	0/0	50	0.996
OFH100062	13:32316461:C:T	0/0	50	0.996
OFH100063	13:32316461:C:T	0/0	50	0.996
OFH100064	13:32316461:C:T	0/0	50	0.996
OFH100065	13:32316461:C:T	0/0	50	0.996
OFH100066	13:32316461:C:T	0/0	50	0.996
OFH100067	13:32316461:C:T	0/0	50	0.996
OFH100068	13:32316461:C:T	0/0	50	0.996
OFH100069	13:32316461:C:T	0/0	50	0.996
OFH100070	13:32316461:C:T	0/0	50	0.996
OFH100071	13:32316461:C:T	0/0	50	0.996
OFH100072	13:32316461:C:T	0/0	50	0.996
OFH100073	13:32316461:C:T	0/0	50	0.996
OFH100074	13:32316461:C:T	0/0	50	0.996
OFH100075	13:32316461:C:T	0/0	50	0.996
OFH100076	13:32316461:C:T	0/0	50	0.996
OFH100077	13:32316461:C:T	0/0	50	0.996
OFH100078	13:32316461:C:T	0/0	50	0.996
OFH100079	13:32316461:C:T	0/0	50	0.996
OFH100080	13:32316461:C:T	0/0	50	0.996
OFH100081	13:32316461:C:T	0/0	50	0.996
OFH100082	13:32316461:C:T	0/0	50	0.996
OFH100083	13:32316461:C:T	0/0	50	0.996
OFH100084	13:32316461:C:T	0/0	50	0.996
OFH100085	13:32316461:C:T	0/0	50	0.996
OFH100086	13:32316461:C:T	0/0	50	0.996
OFH100087	13:32316461:C:T	0/0	50	0.996
OFH100088	13:32316461:C:T	0/0	50	0.996
OFH100089	13:32316461:C:T	0/0	50	0.996
OFH100090	13:32316461:C:T	0/0	50	0.996
OFH100091	13:32316461:C:T	0/0	50	0.996
OFH100092	13:32316461:C:T	0/0	50	0.996
OFH100093	13:32316461:C:T	0/0	50	0.996
OFH100094	13:32316461:C:T	0/0	50	0.996
OFH100095	13:32316461:C:T	0/0	50	0.996
OFH100096	13:32316461:C:T	0/0	50	0.996
OFH100097	13:32316461:C:T	0/0	50	0.996
OFH100098	13:32316461:C:T	0/0	50	0.996
OFH100099	13:32316461:C:T	0/0	50	0.996
OFH100100	13:32316461:C:T	0/0	50	0.996
OFH100101	13:32316461:C:T	0/0	50	0.996
OFH100102	13:32316461:C:T	0/0	50	0.996
OFH100103	13:32316461:C:T	0/0	50	0.996
OFH100104	13:32316461:C:T	0/0	50	0.996
OFH100105	13:32316461:C:T	0/0	50	0.996
OFH100106	13:32316461:C:T	0/0	50	0.996
OFH100107	13:32316461:C:T	0/0	50	0.996
OFH100108	13:32316461:C:T	0/0	50	0.996
OFH100109	13:32316461:C:T	0/0	50	0.996
OFH100110	13:32316461:C:T	0/0	50	0.996
OFH100111	13:32316461:C:T	0/0	50	0.996
OFH100112	13:32316461:C:T	0/1	55	0.996
OFH100113	13:32316461:C:T	0/0	50	0.996
OFH100114	13:32316461:C:T	0/0	50	0.996
OFH100115	13:32316461:C:T	0/0	50	0.996
OFH100116	13:32316461:C:T	0/0	50	0.996
OFH100117	13:32316461:C:T	0/0	50	0.996
OFH100118	13:32316461:C:T	0/0	50	0.996
OFH100119	13:32316461:C:T	0/0	50	0.996
OFH100120	13:32316461:C:T	0/0	50	0.996
OFH100121	13:32316461:C:T	0/0	50	0.996
OFH100122	13:32316461:C:T	0/0	50	0.996
OFH100123	13:32316461:C:T	0/0	50	0.996
OFH100124	13:32316461:C:T	0/0	50	0.996
OFH100125	13:32316461:C:T	0/0	50	0.996
OFH100126	13:32316461:C:T	0/0	50	0.996
OFH100127	13:32316461:C:T	0/0	50	0.996
OFH100128	13:32316461:C:T	0/0	50	0.996
OFH100129	13:32316461:C:T	0/0	50	0.996
OFH100130	13:32316461:C:T	0/0	50	0.996
OFH100131	13:32316461:C:T	0/0	50	0.996
OFH100132	13:32316461:C:T	0/0	50	0.996
OFH100133	13:32316461:C:T	0/0	50	0.996
OFH100134	13:32316461:C:T	0/0	50	0.996
OFH100135	13:32316461:C:T	0/0	50	0.996
OFH100136	13:32316461:C:T	0/0	50	0.996
OFH100137	13:32316461:C:T	0/0	50	0.996
OFH100138	13:32316461:C:T	0/0	50	0.996
OFH100139	13:32316461:C:T	0/1	55	0.996
OFH100140	13:32316461:C:T	0/0	50	0.996
OFH100141	13:32316461:C:T	0/0	50	0.996
OFH100142	13:32316461:C:T	0/1	55	0.996
OFH100143	13:32316461:C:T	0/1	55	0.996
OFH100144	13:32316461:C:T	0/1	55	0.996
OFH100145	13:32316461:C:T	0/0	50	0.996
OFH100146	13:32316461:C:T	0/1	55	0.996
OFH100147	13:32316461:C:T	0/0	50	0.996
OFH100148	13:32316461:C:T	0/0	50	0.996
OFH100149	13:32316461:C:T	0/1	55	0.996
OFH100150	13:32316461:C:T	0/0	50	0.996
OFH100151	13:32316461:C:T	0/1	55	0.996
OFH100152	13:32316461:C:T	0/0	50	0.996
OFH100153	13:32316461:C:T	0/0	50	0.996
OFH100154	13:32316461:C:T	0/1	55	0.996
OFH100155	13:32316461:C:T	0/0	50	0.996
OFH100156	13:32316461:C:T	0/1	55	0.996
OFH100157	13:32316461:C:T	0/0	50	0.996
OFH100158	13:32316461:C:T	0/0	50	0.996
OFH100159	13:32316461:C:T	0/0	50	0.996
OFH100160	13:32316461:C:T	0/1	55	0.996
OFH100161	13:32316461:C:T	0/1	55	0.996
OFH100162	13:32316461:C:T	0/0	50	0.996
OFH100163	13:32316461:C:T	0/0	50	0.996
OFH100164	13:32316461:C:T	0/0	50	0.996
OFH100165	13:32316461:C:T	0/0	50	0.996
OFH100166	13:32316461:C:T	0/1	55	0.996
OFH100167	13:32316461:C:T	0/1	55	0.996
OFH100168	13:32316461:C:T	0/1	55	0.996
OFH100169	13:32316461:C:T	0/0	50	0.996
OFH100170	13:32316461:C:T	1/1	55	0.996
OFH100171	13:32316461:C:T	0/1	55	0.996
OFH100172	13:32316461:C:T	0/0	50	0.996
OFH100173	13:32316461:C:T	0/0	50	0.996
OFH100174	13:32316461:C:T	0/0	50	0.996
OFH100175	13:32316461:C:T	0/1	55	0.996
OFH100176	13:32316461:C:T	0/1	55	0.996
OFH100177	13:32316461:C:T	0/1	55	0.996
OFH100178	13:32316461:C:T	0/0	50	0.996
OFH100179	13:32316461:C:T	0/0	50	0.996
OFH100180	13:32316461:C:T	0/1	55	0.996
OFH100181	13:32316461:C:T	0/0	50	0.996
OFH100182	13:32316461:C:T	0/0	50	0.996
OFH100183	13:32316461:C:T	0/1	55	0.996
OFH100184	13:32316461:C:T	0/0	50	0.996
OFH100185	13:32316461:C:T	0/1	55	0.996
OFH100186	13:32316461:C:T	0/0	50	0.996
OFH100187	13:32316461:C:T	0/0	50	0.996
OFH100188	13:32316461:C:T	0/1	55	0.996
OFH100189	13:32316461:C:T	0/1	55	0.996
OFH100190	13:32316461:C:T	0/0	50	0.996
OFH100191	13:32316461:C:T	0/0	50	0.996
OFH100192	13:32316461:C:T	0/0	50	0.996
OFH100193	13:32316461:C:T	0/0	50	0.996
OFH100194	13:32316461:C:T	0/0	50	0.996
OFH100195	13:32316461:C:T	0/0	50	0.996
OFH100196	13:32316461:C:T	0/0	50	0.996
OFH100197	13:32316461:C:T	0/0	50	0.996
OFH100198	13:32316461:C:T	0/0	50	0.996
OFH100199	13:32316461:C:T	0/0	50	0.996
OFH100200	13:32316461:C:T	0/0	50	0.996
OFH100201	13:32316461:C:T	0/0	50	0.996
OFH100202	13:32316461:C:T	0/1	55	0.996
OFH100203	13:32316461:C:T	0/0	50	0.996
OFH100204	13:32316461:C:T	0/0	50	0.996
OFH100205	13:32316461:C:T	0/0	50	0.996
OFH100206	13:32316461:C:T	0/0	50	0.996
OFH100207	13:32316461:C:T	0/0	50	0.996
OFH100208	13:32316461:C:T	0/0	50	0.996
OFH100209	13:32316461:C:T	0/0	50	0.996
OFH100210	13:32316461:C:T	0/0	50	0.996
OFH100211	13:32316461:C:T	0/0	50	0.996
OFH100212	13:32316461:C:T	0/0	50	0.996
OFH100213	13:32316461:C:T	0/0	50	0.996
OFH100214	13:32316461:C:T	0/0	50	0.996
OFH100215	13:32316461:C:T	0/0	50	0.996
OFH100216	13:32316461:C:T	0/1	55	0.996
OFH100217	13:32316461:C:T	0/0	50	0.996
OFH100218	13:32316461:C:T	0/0	50	0.996
OFH100219	13:32316461:C:T	0/0	50	0.996
OFH100220	13:32316461:C:T	0/1	55	0.996
OFH100221	13:32316461:C:T	0/0	50	0.996
OFH100222	13:32316461:C:T	0/0	50	0.996
OFH100223	13:32316461:C:T	0/0	50	0.996
OFH100224	13:32316461:C:T	0/0	50	0.996
OFH100225	13:32316461:C:T	0/1	55	0.996
OFH100226	13:32316461:C:T	0/0	50	0.996
OFH100227	13:32316461:C:T	0/0	50	0.996
OFH100228	13:32316461:C:T	0/0	50	0.996
OFH100229	13:32316461:C:T	0/0	50	0.996
OFH100230	13:32316461:C:T	0/0	50	0.996
OFH100231	13:32316461:C:T	0/0	50	0.996
OFH100232	13:32316461:C:T	0/0	50	0.996
OFH100233	13:32316461:C:T	0/0	50	0.996
OFH100234	13:32316461:C:T	0/0	50	0.996
OFH100235	13:32316461:C:T	0/0	50	0.996
OFH100236	13:32316461:C:T	0/0	50	0.996
OFH100237	13:32316461:C:T	0/0	50	0.996
OFH100238	13:32316461:C:T	0/0	50	0.996
OFH100239	13:32316461:C:T	0/0	50	0.996
OFH100240	13:32316461:C:T	0/0	50	0.996
OFH100241	13:32316461:C:T	0/0	50	0.996
OFH100242	13:32316461:C:T	0/0	50	0.996
OFH100243	13:32316461:C:T	0/1	55	0.996
OFH100244	13:32316461:C:T	0/0	50	0.996
OFH100245	13:32316461:C:T	0/0	50	0.996
OFH100246	13:32316461:C:T	0/0	50	0.996
OFH100247	13:32316461:C:T	0/0	50	0.996
OFH100248	13:32316461:C:T	0/0	50	0.996
OFH100249	13:32316461:C:T	0/0	50	0.996
OFH100250	13:32316461:C:T	0/0	50	0.996
OFH100251	13:32316461:C:T	0/0	50	0.996
OFH100252	13:32316461:C:T	0/0	50	0.996
OFH100253	13:32316461:C:T	0/0	50	0.996
OFH100254	13:32316461:C:T	0/0	50	0.996
OFH100255	13:32316461:C:T	0/0	50	0.996
OFH100256	13:32316461:C:T	0/0	50	0.996
OFH100257	13:32316461:C:T	0/0	50	0.996
OFH100258	13:32316461:C:T	0/0	50	0.996
OFH100259	13:32316461:C:T	0/0	50	0.996
OFH100260	13:32316461:C:T	0/0	50	0.996
OFH100261	13:32316461:C:T	0/0	50	0.996
OFH100262	13:32316461:C:T	0/0	50	0.996
OFH100263	13:32316461:C:T	0/0	50	0.996
OFH100264	13:32316461:C:T	0/0	50	0.996
OFH100265	13:32316461:C:T	0/0	50	0.996
OFH100266	13:32316461:C:T	0/0	50	0.996
OFH100267	13:32316461:C:T	0/0	50	0.996
OFH100268	13:32316461:C:T	0/0	50	0.996
OFH100269	13:32316461:C:T	0/0	50	0.996
OFH100270	13:32316461:C:T	0/0	50	0.996
OFH100271	13:32316461:C:T	0/0	50	0.996
OFH100272	13:32316461:C:T	0/0	50	0.996
OFH100273	13:32316461:C:T	0/0	50	0.996
OFH100274	13:32316461:C:T	0/0	50	0.996
OFH100275	13:32316461:C:T	0/0	50	0.996
OFH100276	13:32316461:C:T	0/0	50	0.996
OFH100277	13:32316461:C:T	0/0	50	0.996
OFH100278	13:32316461:C:T	0/0	50	0.996
OFH100279	13:32316461:C:T	0/0	50	0.996
OFH100280	13:32316461:C:T	0/0	50	0.996
OFH100281	13:32316461:C:T	0/0	50	0.996
OFH100282	13:32316461:C:T	0/0	50	0.996
OFH100283	13:32316461:C:T	0/0	50	0.996
OFH100284	13:32316461:C:T	0/0	50	0.996
OFH100285	13:32316461:C:T	0/0	50	0.996
OFH100286	13:32316461:C:T	0/0	50	0.996
OFH100287	13:32316461:C:T	0/0	50	0.996
OFH100288	13:32316461:C:T	0/0	50	0.996
OFH100289	13:32316461:C:T	0/0	50	0.996
OFH100290	13:32316461:C:T	0/0	50	0.996
OFH100291	13:32316461:C:T	0/0	50	0.996
OFH100292	13:32316461:C:T	0/0	50	0.996
OFH100293	13:32316461:C:T	0/0	50	0.996
OFH100294	13:32316461:C:T	0/0	50	0.996
OFH100295	13:32316461:C:T	0/0	50	0.996
OFH100296	13:32316461:C:T	0/0	50	0.996
OFH100297	13:32316461:C:T	0/0	50	0.996
OFH100298	13:32316461:C:T	0/0	50	0.996
OFH100299	13:32316461:C:T	0/0	50	0.996
OFH100300	13:32316461:C:T	0/0	50	0.996
OFH100301	13:32316461:C:T	0/0	50	0.996
OFH100302	13:32316461:C:T	0/0	50	0.996
OFH100303	13:32316461:C:T	0/0	50	0.996
OFH100304	13:32316461:C:T	0/0	50	0.996
OFH100305	13:32316461:C:T	0/0	50	0.996
OFH100306	13:32316461:C:T	0/0	50	0.996
OFH100307	13:32316461:C:T	0/0	50	0.996
OFH100308	13:32316461:C:T	0/0	50	0.996
OFH100309	13:32316461:C:T	0/0	50	0.996
OFH100310	13:32316461:C:T	0/0	50	0.996
OFH100311	13:32316461:C:T	0/0	50	0.996
OFH100312	13:32316461:C:T	0/0	50	0.996
OFH100313	13:32316461:C:T	0/0	50	0.996
OFH100314	13:32316461:C:T	0/0	50	0.996
OFH100315	13:32316461:C:T	0/0	50	0.996
OFH100316	13:32316461:C:T	0/0	50	0.996
OFH100317	13:32316461:C:T	0/0	50	0.996
OFH100318	13:32316461:C:T	0/0	50	0.996
OFH100319	13:32316461:C:T	0/0	50	0.996
OFH100320	13:32316461:C:T	0/0	50	0.996
OFH100321	13:32316461:C:T	0/0	50	0.996
OFH100322	13:32316461:C:T	0/0	50	0.996
OFH100323	13:32316461:C:T	0/0	50	0.996
OFH100324	13:32316461:C:T	0/0	50	0.996
OFH100325	13:32316461:C:T	0/0	50	0.996
OFH100326	13:32316461:C:T	0/0	50	0.996
OFH100327	13:32316461:C:T	0/0	50	0.996
OFH100328	13:32316461:C:T	0/0	50	0.996
OFH100329	13:32316461:C:T	0/0	50	0.996
OFH100330	13:32316461:C:T	0/0	50	0.996
OFH100331	13:32316461:C:T	0/0	50	0.996
OFH100332	13:32316461:C:T	0/0	50	0.996
OFH100333	13:32316461:C:T	0/0	50	0.996
OFH100334	13:32316461:C:T	0/0	50	0.996
OFH100335	13:32316461:C:T	0/0	50	0.996
OFH100336	13:32316461:C:T	0/0	50	0.996
OFH100337	13:32316461:C:T	0/0	50	0.996
OFH100338	13:32316461:C:T	0/0	50	0.996
OFH100339	13:32316461:C:T	0/0	50	0.996
OFH100340	13:32316461:C:T	0/0	50	0.996
OFH100341	13:32316461:C:T	0/0	50	0.996
OFH100342	13:32316461:C:T	0/0	50	0.996
OFH100343	13:32316461:C:T	0/0	50	0.996
OFH100344	13:32316461:C:T	0/0	50	0.996
OFH100345	13:32316461:C:T	0/0	50	0.996
OFH100346	13:32316461:C:T	0/0	50	0.996
OFH100347	13:32316461:C:T	0/0	50	0.996
OFH100348	13:32316461:C:T	0/0	50	0.996
OFH100349	13:32316461:C:T	0/0	50	0.996
OFH100350	13:32316461:C:T	0/0	50	0.996
OFH100351	13:32316461:C:T	0/0	50	0.996
OFH100352	13:32316461:C:T	0/0	50	0.996
OFH100353	13:32316461:C:T	0/0	50	0.996
OFH100354	13:32316461:C:T	0/0	50	0.996
OFH100355	13:32316461:C:T	0/0	50	0.996
OFH100356	13:32316461:C:T	0/0	50	0.996
OFH100357	13:32316461:C:T	0/0	50	0.996
OFH100358	13:32316461:C:T	0/0	50	0.996
OFH100359	13:32316461:C:T	0/0	50	0.996
OFH100360	13:32316461:C:T	0/0	50	0.996
OFH100361	13:32316461:C:T	0/0	50	0.996
OFH100362	13:32316461:C:T	0/0	50	0.996
OFH100363	13:32316461:C:T	0/0	50	0.996
OFH100364	13:32316461:C:T	0/0	50	0.996
OFH100365	13:32316461:C:T	0/0	50	0.996
OFH100366	13:32316461:C:T	0/0	50	0.996
OFH100367	13:32316461:C:T	0/0	50	0.996
OFH100368	13:32316461:C:T	0/0	50	0.996
OFH100369	13:32316461:C:T	0/0	50	0.996
OFH100370	13:32316461:C:T	0/0	50	0.996
OFH100371	13:32316461:C:T	0/0	50	0.996
OFH100372	13:32316461:C:T	0/0	50	0.996
OFH100373	13:32316461:C:T	0/0	50	0.996
OFH100374	13:32316461:C:T	0/0	50	0.996
OFH100375	13:32316461:C:T	0/0	50	0.996
OFH100376	13:32316461:C:T	0/0	50	0.996
OFH100377	13:32316461:C:T	0/0	50	0.996
OFH100378	13:32316461:C:T	0/0	50	0.996
OFH100379	13:32316461:C:T	0/0	50	0.996
OFH100380	13:32316461:C:T	0/0	50	0.996
OFH100381	13:32316461:C:T	0/0	50	0.996
OFH100382	13:32316461:C:T	0/0	50	0.996
OFH100383	13:32316461:C:T	0/0	50	0.996
OFH100384	13:32316461:C:T	0/0	50	0.996
OFH100385	13:32316461:C:T	0/0	50	0.996
OFH100386	13:32316461:C:T	0/0	50	0.996
OFH100387	13:32316461:C:T	0/0	50	0.996
OFH100388	13:32316461:C:T	0/0	50	0.996
OFH100389	13:32316461:C:T	0/0	50	0.996
OFH100390	13:32316461:C:T	0/0	50	0.996
OFH100391	13:32316461:C:T	0/0	50	0.996
OFH100392	13:32316461:C:T	0/0	50	0.996
OFH100393	13:32316461:C:T	0/0	50	0.996
OFH100394	13:32316461:C:T	0/0	50	0.996
OFH100395	13:32316461:C:T	0/0	50	0.996
OFH100396	13:32316461:C:T	0/0	50	0.996
OFH100397	13:32316461:C:T	0/0	50	0.996
OFH100398	13:32316461:C:T	0/0	50	0.996
OFH100399	13:32316461:C:T	0/0	50	0.996
OFH100400	13:32316461:C:T	0/0	50	0.996
OFH100401	13:32316461:C:T	0/0	50	0.996
OFH100402	13:32316461:C:T	0/0	50	0.996
OFH100403	13:32316461:C:T	0/0	50	0.996
OFH100404	13:32316461:C:T	0/0	50	0.996
OFH100405	13:32316461:C:T	0/0	50	0.996
OFH100406	13:32316461:C:T	0/0	50	0.996
OFH100407	13:32316461:C:T	0/0	50	0.996
OFH100408	13:32316461:C:T	0/0	50	0.996
OFH100409	13:32316461:C:T	0/0	50	0.996
OFH100410	13:32316461:C:T	0/0	50	0.996
OFH100411	13:32316461:C:T	0/0	50	0.996
OFH100412	13:32316461:C:T	0/0	50	0.996
OFH100413	13:32316461:C:T	0/0	50	0.996
OFH100414	13:32316461:C:T	0/0	50	0.996
OFH100415	13:32316461:C:T	0/0	50	0.996
OFH100416	13:32316461:C:T	0/0	50	0.996
OFH100417	13:32316461:C:T	0/0	50	0.996
OFH100418	13:32316461:C:T	0/0	50	0.996
OFH100419	13:32316461:C:T	0/0	50	0.996
OFH100420	13:32316461:C:T	0/0	50	0.996
OFH100421	13:32316461:C:T	0/0	50	0.996
OFH100422	13:32316461:C:T	0/0	50	0.996
OFH100423	13:32316461:C:T	0/0	50	0.996
OFH100424	13:32316461:C:T	0/0	50	0.996
OFH100425	13:32316461:C:T	0/0	50	0.996
OFH100426	13:32316461:C:T	0/0	50	0.996
OFH100427	13:32316461:C:T	0/0	50	0.996
OFH100428	13:32316461:C:T	0/0	50	0.996
OFH100429	13:32316461:C:T	0/0	50	0.996
OFH100430	13:32316461:C:T	0/0	50	0.996
OFH100431	13:32316461:C:T	0/0	50	0.996
OFH100432	13:32316461:C:T	0/0	50	0.996
OFH100433	13:32316461:C:T	0/0	50	0.996
OFH100434	13:32316461:C:T	0/0	50	0.996
OFH100435	13:32316461:C:T	0/0	50	0.996
OFH100436	13:32316461:C:T	0/0	50	0.996
OFH100437	13:32316461:C:T	0/0	50	0.996
OFH100438	13:32316461:C:T	0/0	50	0.996
OFH100439	13:32316461:C:T	0/0	50	0.996
OFH100440	13:32316461:C:T	0/0	50	0.996
OFH100441	13:32316461:C:T	0/0	50	0.996
OFH100442	13:32316461:C:T	0/0	50	0.996
OFH100443	13:32316461:C:T	0/0	50	0.996
OFH100444	13:32316461:C:T	0/0	50	0.996
OFH100445	13:32316461:C:T	0/0	50	0.996
OFH100446	13:32316461:C:T	0/0	50	0.996
OFH100447	13:32316461:C:T	0/0	50	0.996
OFH100448	13:32316461:C:T	0/0	50	0.996
OFH100449	13:32316461:C:T	0/0	50	0.996
OFH100450	13:32316461:C:T	0/0	50	0.996
OFH100451	13:32316461:C:T	0/0	50	0.996
OFH100452	13:32316461:C:T	0/0	50	0.996
OFH100453	13:32316461:C:T	0/0	50	0.996
OFH100454	13:32316461:C:T	0/0	50	0.996
OFH100455	13:32316461:C:T	0/0	50	0.996
OFH100456	13:32316461:C:T	0/0	50	0.996
OFH100457	13:32316461:C:T	0/0	50	0.996
OFH100458	13:32316461:C:T	0/0	50	0.996
OFH100459	13:32316461:C:T	0/0	50	0.996
OFH100460	13:32316461:C:T	0/0	50	0.996
OFH100461	13:32316461:C:T	0/0	50	0.996
OFH100462	13:32316461:C:T	0/0	50	0.996
OFH100463	13:32316461:C:T	0/0	50	0.996
OFH100464	13:32316461:C:T	0/0	50	0.996
OFH100465	13:32316461:C:T	0/0	50	0.996
OFH100466	13:32316461:C:T	0/0	50	0.996
OFH100467	13:32316461:C:T	0/0	50	0.996
OFH100468	13:32316461:C:T	0/0	50	0.996
OFH100469	13:32316461:C:T	0/0	50	0.996
OFH100470	13:32316461:C:T	0/0	50	0.996
OFH100471	13:32316461:C:T	0/0	50	0.996
OFH100472	13:32316461:C:T	0/0	50	0.996
OFH100473	13:32316461:C:T	0/0	50	0.996
OFH100474	13:32316461:C:T	0/0	50	0.996
OFH100475	13:32316461:C:T	0/0	50	0.996
OFH100476	13:32316461:C:T	0/0	50	0.996
OFH100477	13:32316461:C:T	0/0	50	0.996
OFH100478	13:32316461:C:T	0/0	50	0.996
OFH100479	13:32316461:C:T	0/0	50	0.996
OFH100480	13:32316461:C:T	0/0	50	0.996
OFH100481	13:32316461:C:T	0/0	50	0.996
OFH100482	13:32316461:C:T	0/0	50	0.996
OFH100483	13:32316461:C:T	0/0	50	0.996
OFH100484	13:32316461:C:T	0/0	50	0.996
OFH100485	13:32316461:C:T	0/0	50	0.996
OFH100486	13:32316461:C:T	0/0	50	0.996
OFH100487	13:32316461:C:T	0/0	50	0.996
OFH100488	13:32316461:C:T	0/0	50	0.996
OFH100489	13:32316461:C:T	0/0	50	0.996
OFH100490	13:32316461:C:T	0/0	50	0.996
OFH100491	13:32316461:C:T	0/0	50	0.996
OFH100492	13:32316461:C:T	0/0	50	0.996
OFH100493	13:32316461:C:T	0/0	50	0.996
OFH100494	13:32316461:C:T	0/0	50	0.996
OFH100495	13:32316461:C:T	0/0	50	0.996
OFH100496	13:32316461:C:T	0/0	50	0.996
OFH100497	13:32316461:C:T	0/0	50	0.996
OFH100498	13:32316461:C:T	0/0	50	0.996
OFH100499	13:32316461:C:T	0/0	50	0.996
OFH100000	16:23614412:G:A	0/0	50	0.996
OFH100001	16:23614412:G:A	0/0	50	0.996
OFH100002	16:23614412:G:A	0/0	50	0.996
OFH100003	16:23614412:G:A	0/0	50	0.996
OFH100004	16:23614412:G:A	0/0	50	0.996
OFH100005	16:23614412:G:A	0/0	50	0.996
OFH100006	16:23614412:G:A	0/0	50	0.996
OFH100007	16:23614412:G:A	0/0	50	0.996
OFH100008	16:23614412:G:A	0/0	50	0.996
OFH100009	16:23614412:G:A	0/0	50	0.996
OFH100010	16:23614412:G:A	0/0	50	0.996
OFH100011	16:23614412:G:A	0/0	50	0.996
OFH100012	16:23614412:G:A	0/0	50	0.996
OFH100013	16:23614412:G:A	0/0	50	0.996
OFH100014	16:23614412:G:A	0/0	50	0.996
OFH100015	16:23614412:G:A	0/0	50	0.996
OFH100016	16:23614412:G:A	0/0	50	0.996
OFH100017	16:23614412:G:A	0/0	50	0.996
OFH100018	16:23614412:G:A	0/0	50	0.996
OFH100019	16:23614412:G:A	0/0	50	0.996
OFH100020	16:23614412:G:A	0/0	50	0.996
OFH100021	16:23614412:G:A	0/0	50	0.996
OFH100022	16:23614412:G:A	0/0	50	0.996
OFH100023	16:23614412:G:A	0/0	50	0.996
OFH100024	16:23614412:G:A	0/0	50	0.996
OFH100025	16:23614412:G:A	0/0	50	0.996
OFH100026	16:23614412:G:A	0/0	50	0.996
OFH100027	16:23614412:G:A	0/0	50	0.996
OFH100028	16:23614412:G:A	0/0	50	0.996
OFH100029	16:23614412:G:A	0/0	50	0.996
OFH100030	16:23614412:G:A	0/0	50	0.996
OFH100031	16:23614412:G:A	0/0	50	0.996
OFH100032	16:23614412:G:A	0/0	50	0.996
OFH100033	16:23614412:G:A	0/0	50	0.996
OFH100034	16:23614412:G:A	0/0	50	0.996
OFH100035	16:23614412:G:A	0/0	50	0.996
OFH100036	16:23614412:G:A	0/0	50	0.996
OFH100037	16:23614412:G:A	0/1	55	0.996
OFH100038	16:23614412:G:A	0/1	55	0.996
OFH100039	16:23614412:G:A	0/1	55	0.996
OFH100040	16:23614412:G:A	0/0	50	0.996
OFH100041	16:23614412:G:A	0/1	55	0.996
OFH100042	16:23614412:G:A	0/1	55	0.996
OFH100043	16:23614412:G:A	0/0	50	0.996
OFH100044	16:23614412:G:A	0/1	55	0.996
OFH100045	16:23614412:G:A	0/0	50	0.996
OFH100046	16:23614412:G:A	0/1	55	0.996
OFH100047	16:23614412:G:A	0/1	55	0.996
OFH100048	16:23614412:G:A	0/1	55	0.996
OFH100049	16:23614412:G:A	0/1	55	0.996
OFH100050	16:23614412:G:A	0/1	55	0.996
OFH100051	16:23614412:G:A	1/1	55	0.996
OFH100052	16:23614412:G:A	0/0	50	0.996
OFH100053	16:23614412:G:A	0/0	50	0.996
OFH100054	16:23614412:G:A	0/1	55	0.996
OFH100055	16:23614412:G:A	0/1	55	0.996
OFH100056	16:23614412:G:A	0/1	55	0.996
OFH100057	16:23614412:G:A	0/1	55	0.996
OFH100058	16:23614412:G:A	0/1	55	0.996
OFH100059	16:23614412:G:A	0/1	55	0.996
OFH100060	16:23614412:G:A	0/1	55	0.996
OFH100061	16:23614412:G:A	0/0	50	0.996
OFH100062	16:23614412:G:A	0/1	55	0.996
OFH100063	16:23614412:G:A	0/0	50	0.996
OFH100064	16:23614412:G:A	0/1	55	0.996
OFH100065	16:23614412:G:A	0/0	50	0.996
OFH100066	16:23614412:G:A	0/1	55	0.996
OFH100067	16:23614412:G:A	0/0	50	0.996
OFH100068	16:23614412:G:A	0/0	50	0.996
OFH100069	16:23614412:G:A	0/0	50	0.996
OFH100070	16:23614412:G:A	0/0	50	0.996
OFH100071	16:23614412:G:A	0/0	50	0.996
OFH100072	16:23614412:G:A	0/0	50	0.996
OFH100073	16:23614412:G:A	0/0	50	0.996
OFH100074	16:23614412:G:A	0/0	50	0.996
OFH100075	16:23614412:G:A	0/0	50	0.996
OFH100076	16:23614412:G:A	0/0	50	0.996
OFH100077	16:23614412:G:A	0/0	50	0.996
OFH100078	16:23614412:G:A	0/0	50	0.996
OFH100079	16:23614412:G:A	0/0	50	0.996
OFH100080	16:23614412:G:A	0/0	50	0.996
OFH100081	16:23614412:G:A	0/0	50	0.996
OFH100082	16:23614412:G:A	0/0	50	0.996
OFH100083	16:23614412:G:A	0/0	50	0.996
OFH100084	16:23614412:G:A	0/0	50	0.996
OFH100085	16:23614412:G:A	0/0	50	0.996
OFH100086	16:23614412:G:A	0/0	50	0.996
OFH100087	16:23614412:G:A	0/0	50	0.996
OFH100088	16:23614412:G:A	0/0	50	0.996
OFH100089	16:23614412:G:A	0/0	50	0.996
OFH100090	16:23614412:G:A	0/0	50	0.996
OFH100091	16:23614412:G:A	0/0	50	0.996
OFH100092	16:23614412:G:A	0/0	50	0.996
OFH100093	16:23614412:G:A	0/0	50	0.996
OFH100094	16:23614412:G:A	0/0	50	0.996
OFH100095	16:23614412:G:A	0/0	50	0.996
OFH100096	16:23614412:G:A	0/0	50	0.996
OFH100097	16:23614412:G:A	0/0	50	0.996
OFH100098	16:23614412:G:A	0/0	50	0.996
OFH100099	16:23614412:G:A	0/0	50	0.996
OFH100100	16:23614412:G:A	0/0	50	0.996
OFH100101	16:23614412:G:A	0/0	50	0.996
OFH100102	16:23614412:G:A	0/0	50	0.996
OFH100103	16:23614412:G:A	0/0	50	0.996
OFH100104	16:23614412:G:A	0/0	50	0.996
OFH100105	16:23614412:G:A	0/0	50	0.996
OFH100106	16:23614412:G:A	0/0	50	0.996
OFH100107	16:23614412:G:A	0/0	50	0.996
OFH100108	16:23614412:G:A	0/0	50	0.996
OFH100109	16:23614412:G:A	0/0	50	0.996
OFH100110	16:23614412:G:A	0/0	50	0.996
OFH100111	16:23614412:G:A	0/0	50	0.996
OFH100112	16:23614412:G:A	0/0	50	0.996
OFH100113	16:23614412:G:A	0/0	50	0.996
OFH100114	16:23614412:G:A	0/0	50	0.996
OFH100115	16:23614412:G:A	0/0	50	0.996
OFH100116	16:23614412:G:A	0/0	50	0.996
OFH100117	16:23614412:G:A	0/0	50	0.996
OFH100118	16:23614412:G:A	0/0	50	0.996
OFH100119	16:23614412:G:A	0/0	50	0.996
OFH100120	16:23614412:G:A	0/0	50	0.996
OFH100121	16:23614412:G:A	0/0	50	0.996
OFH100122	16:23614412:G:A	0/0	50	0.996
OFH100123	16:23614412:G:A	0/0	50	0.996
OFH100124	16:23614412:G:A	0/0	50	0.996
OFH100125	16:23614412:G:A	0/0	50	0.996
OFH100126	16:23614412:G:A	0/0	50	0.996
OFH100127	16:23614412:G:A	0/0	50	0.996
OFH100128	16:23614412:G:A	0/0	50	0.996
OFH100129	16:23614412:G:A	0/0	50	0.996
OFH100130	16:23614412:G:A	0/0	50	0.996
OFH100131	16:23614412:G:A	0/0	50	0.996
OFH100132	16:23614412:G:A	0/0	50	0.996
OFH100133	16:23614412:G:A	0/0	50	0.996
OFH100134	16:23614412:G:A	0/0	50	0.996
OFH100135	16:23614412:G:A	0/0	50	0.996
OFH100136	16:23614412:G:A	0/0	50	0.996
OFH100137	16:23614412:G:A	0/0	50	0.996
OFH100138	16:23614412:G:A	0/0	50	0.996
OFH100139	16:23614412:G:A	0/0	50	0.996
OFH100140	16:23614412:G:A	0/0	50	0.996
OFH100141	16:23614412:G:A	0/0	50	0.996
OFH100142	16:23614412:G:A	0/0	50	0.996
OFH100143	16:23614412:G:A	0/0	50	0.996
OFH100144	16:23614412:G:A	0/0	50	0.996
OFH100145	16:23614412:G:A	0/0	50	0.996
OFH100146	16:23614412:G:A	0/0	50	0.996
OFH100147	16:23614412:G:A	0/0	50	0.996
OFH100148	16:23614412:G:A	0/0	50	0.996
OFH100149	16:23614412:G:A	0/0	50	0.996
OFH100150	16:23614412:G:A	0/0	50	0.996
OFH100151	16:23614412:G:A	0/0	50	0.996
OFH100152	16:23614412:G:A	0/0	50	0.996
OFH100153	16:23614412:G:A	0/0	50	0.996
OFH100154	16:23614412:G:A	0/0	50	0.996
OFH100155	16:23614412:G:A	0/0	50	0.996
OFH100156	16:23614412:G:A	0/0	50	0.996
OFH100157	16:23614412:G:A	0/0	50	0.996
OFH100158	16:23614412:G:A	0/0	50	0.996
OFH100159	16:23614412:G:A	0/0	50	0.996
OFH100160	16:23614412:G:A	0/0	50	0.996
OFH100161	16:23614412:G:A	0/0	50	0.996
OFH100162	16:23614412:G:A	0/0	50	0.996
OFH100163	16:23614412:G:A	0/0	50	0.996
OFH100164	16:23614412:G:A	0/0	50	0.996
OFH100165	16:23614412:G:A	0/0	50	0.996
OFH100166	16:23614412:G:A	0/0	50	0.996
OFH100167	16:23614412:G:A	0/0	50	0.996
OFH100168	16:23614412:G:A	0/0	50	0.996
OFH100169	16:23614412:G:A	0/0	50	0.996
OFH100170	16:23614412:G:A	0/0	50	0.996
OFH100171	16:23614412:G:A	0/0	50	0.996
OFH100172	16:23614412:G:A	0/0	50	0.996
OFH100173	16:23614412:G:A	0/0	50	0.996
OFH100174	16:23614412:G:A	0/0	50	0.996
OFH100175	16:23614412:G:A	0/0	50	0.996
OFH100176	16:23614412:G:A	0/0	50	0.996
OFH100177	16:23614412:G:A	0/0	50	0.996
OFH100178	16:23614412:G:A	0/0	50	0.996
OFH100179	16:23614412:G:A	0/0	50	0.996
OFH100180	16:23614412:G:A	0/0	50	0.996
OFH100181	16:23614412:G:A	0/0	50	0.996
OFH100182	16:23614412:G:A	0/0	50	0.996
OFH100183	16:23614412:G:A	0/0	50	0.996
OFH100184	16:23614412:G:A	0/0	50	0.996
OFH100185	16:23614412:G:A	0/0	50	0.996
OFH100186	16:23614412:G:A	0/0	50	0.996
OFH100187	16:23614412:G:A	0/0	50	0.996
OFH100188	16:23614412:G:A	0/0	50	0.996
OFH100189	16:23614412:G:A	0/0	50	0.996
OFH100190	16:23614412:G:A	0/0	50	0.996
OFH100191	16:23614412:G:A	0/0	50	0.996
OFH100192	16:23614412:G:A	0/0	50	0.996
OFH100193	16:23614412:G:A	0/0	50	0.996
OFH100194	16:23614412:G:A	0/0	50	0.996
OFH100195	16:23614412:G:A	0/0	50	0.996
OFH100196	16:23614412:G:A	0/0	50	0.996
OFH100197	16:23614412:G:A	0/0	50	0.996
OFH100198	16:23614412:G:A	0/0	50	0.996
OFH100199	16:23614412:G:A	0/0	50	0.996
OFH100200	16:23614412:G:A	0/0	50	0.996
OFH100201	16:23614412:G:A	0/0	50	0.996
OFH100202	16:23614412:G:A	0/0	50	0.996
OFH100203	16:23614412:G:A	0/1	55	0.996
OFH100204	16:23614412:G:A	0/0	50	0.996
OFH100205	16:23614412:G:A	0/0	50	0.996
OFH100206	16:23614412:G:A	0/0	50	0.996
OFH100207	16:23614412:G:A	0/1	55	0.996
OFH100208	16:23614412:G:A	0/0	50	0.996
OFH100209	16:23614412:G:A	0/0	50	0.996
OFH100210	16:23614412:G:A	0/1	55	0.996
OFH100211	16:23614412:G:A	0/0	50	0.996
OFH100212	16:23614412:G:A	0/0	50	0.996
OFH100213	16:23614412:G:A	0/0	50	0.996
OFH100214	16:23614412:G:A	0/0	50	0.996
OFH100215	16:23614412:G:A	0/0	50	0.996
OFH100216	16:23614412:G:A	0/0	50	0.996
OFH100217	16:23614412:G:A	0/0	50	0.996
OFH100218	16:23614412:G:A	0/0	50	0.996
OFH100219	16:23614412:G:A	0/0	50	0.996
OFH100220	16:23614412:G:A	0/0	50	0.996
OFH100221	16:23614412:G:A	0/0	50	0.996
OFH100222	16:23614412:G:A	0/0	50	0.996
OFH100223	16:23614412:G:A	0/1	55	0.996
OFH100224	16:23614412:G:A	0/0	50	0.996
OFH100225	16:23614412:G:A	0/0	50	0.996
OFH100226	16:23614412:G:A	0/0	50	0.996
OFH100227	16:23614412:G:A	0/0	50	0.996
OFH100228	16:23614412:G:A	0/0	50	0.996
OFH100229	16:23614412:G:A	0/0	50	0.996
OFH100230	16:23614412:G:A	0/1	55	0.996
OFH100231	16:23614412:G:A	0/0	50	0.996
OFH100232	16:23614412:G:A	0/0	50	0.996
OFH100233	16:23614412:G:A	0/1	55	0.996
OFH100234	16:23614412:G:A	0/0	50	0.996
OFH100235	16:23614412:G:A	0/0	50	0.996
OFH100236	16:23614412:G:A	0/0	50	0.996
OFH100237	16:23614412:G:A	0/0	50	0.996
OFH100238	16:23614412:G:A	1/1	55	0.996
OFH100239	16:23614412:G:A	0/0	50	0.996
OFH100240	16:23614412:G:A	0/0	50	0.996
OFH100241	16:23614412:G:A	0/0	50	0.996
OFH100242	16:23614412:G:A	0/0	50	0.996
OFH100243	16:23614412:G:A	0/0	50	0.996
OFH100244	16:23614412:G:A	0/0	50	0.996
OFH100245	16:23614412:G:A	0/1	55	0.996
OFH100246	16:23614412:G:A	0/0	50	0.996
OFH100247	16:23614412:G:A	0/1	55	0.996
OFH100248	16:23614412:G:A	0/0	50	0.996
OFH100249	16:23614412:G:A	0/0	50	0.996
OFH100250	16:23614412:G:A	0/0	50	0.996
OFH100251	16:23614412:G:A	0/0	50	0.996
OFH100252	16:23614412:G:A	0/0	50	0.996
OFH100253	16:23614412:G:A	0/0	50	0.996
OFH100254	16:23614412:G:A	0/0	50	0.996
OFH100255	16:23614412:G:A	0/0	50	0.996
OFH100256	16:23614412:G:A	0/0	50	0.996
OFH100257	16:23614412:G:A	0/0	50	0.996
OFH100258	16:23614412:G:A	0/0	50	0.996
OFH100259	16:23614412:G:A	0/0	50	0.996
OFH100260	16:23614412:G:A	0/0	50	0.996
OFH100261	16:23614412:G:A	0/0	50	0.996
OFH100262	16:23614412:G:A	0/0	50	0.996
OFH100263	16:23614412:G:A	0/0	50	0.996
OFH100264	16:23614412:G:A	0/1	55	0.996
OFH100265	16:23614412:G:A	0/0	50	0.996
OFH100266	16:23614412:G:A	0/1	55	0.996
OFH100267	16:23614412:G:A	0/0	50	0.996
OFH100268	16:23614412:G:A	0/1	55	0.996
OFH100269	16:23614412:G:A	0/0	50	0.996
OFH100270	16:23614412:G:A	0/0	50	0.996
OFH100271	16:23614412:G:A	0/0	50	0.996
OFH100272	16:23614412:G:A	1/1	55	0.996
OFH100273	16:23614412:G:A	0/1	55	0.996
OFH100274	16:23614412:G:A	0/0	50	0.996
OFH100275	16:23614412:G:A	0/1	55	0.996
OFH100276	16:23614412:G:A	0/0	50	0.996
OFH100277	16:23614412:G:A	0/0	50	0.996
OFH100278	16:23614412:G:A	0/1	55	0.996
OFH100279	16:23614412:G:A	0/0	50	0.996
OFH100280	16:23614412:G:A	0/0	50	0.996
OFH100281	16:23614412:G:A	0/1	55	0.996
OFH100282	16:23614412:G:A	0/1	55	0.996
OFH100283	16:23614412:G:A	0/0	50	0.996
OFH100284	16:23614412:G:A	0/0	50	0.996
OFH100285	16:23614412:G:A	0/0	50	0.996
OFH100286	16:23614412:G:A	0/0	50	0.996
OFH100287	16:23614412:G:A	0/0	50	0.996
OFH100288	16:23614412:G:A	0/0	50	0.996
OFH100289	16:23614412:G:A	1/1	55	0.996
OFH100290	16:23614412:G:A	0/0	50	0.996
OFH100291	16:23614412:G:A	0/0	50	0.996
OFH100292	16:23614412:G:A	0/1	55	0.996
OFH100293	16:23614412:G:A	0/0	50	0.996
OFH100294	16:23614412:G:A	0/0	50	0.996
OFH100295	16:23614412:G:A	0/0	50	0.996
OFH100296	16:23614412:G:A	0/1	55	0.996
OFH100297	16:23614412:G:A	0/0	50	0.996
OFH100298	16:23614412:G:A	0/1	55	0.996
OFH100299	16:23614412:G:A	0/1	55	0.996
OFH100300	16:23614412:G:A	0/0	50	0.996
OFH100301	16:23614412:G:A	0/1	55	0.996
OFH100302	16:23614412:G:A	0/0	50	0.996
OFH100303	16:23614412:G:A	0/0	50	0.996
OFH100304	16:23614412:G:A	0/0	50	0.996
OFH100305	16:23614412:G:A	0/1	55	0.996
OFH100306	16:23614412:G:A	1/1	55	0.996
OFH100307	16:23614412:G:A	0/0	50	0.996
OFH100308	16:23614412:G:A	0/0	50	0.996
OFH100309	16:23614412:G:A	0/1	55	0.996
OFH100310	16:23614412:G:A	0/1	55	0.996
OFH100311	16:23614412:G:A	0/1	55	0.996
OFH100312	16:23614412:G:A	0/0	50	0.996
OFH100313	16:23614412:G:A	0/1	55	0.996
OFH100314	16:23614412:G:A	0/0	50	0.996
OFH100315	16:23614412:G:A	0/0	50	0.996
OFH100316	16:23614412:G:A	0/0	50	0.996
OFH100317	16:23614412:G:A	0/0	50	0.996
OFH100318	16:23614412:G:A	0/0	50	0.996
OFH100319	16:23614412:G:A	0/0	50	0.996
OFH100320	16:23614412:G:A	0/0	50	0.996
OFH100321	16:23614412:G:A	0/0	50	0.996
OFH100322	16:23614412:G:A	0/0	50	0.996
OFH100323	16:23614412:G:A	0/0	50	0.996
OFH100324	16:23614412:G:A	0/0	50	0.996
OFH100325	16:23614412:G:A	0/0	50	0.996
OFH100326	16:23614412:G:A	0/0	50	0.996
OFH100327	16:23614412:G:A	0/0	50	0.996
OFH100328	16:23614412:G:A	0/0	50	0.996
OFH100329	16:23614412:G:A	0/0	50	0.996
OFH100330	16:23614412:G:A	0/0	50	0.996
OFH100331	16:23614412:G:A	0/0	50	0.996
OFH100332	16:23614412:G:A	0/0	50	0.996
OFH100333	16:23614412:G:A	0/0	50	0.996
OFH100334	16:23614412:G:A	0/0	50	0.996
OFH100335	16:23614412:G:A	0/0	50	0.996
OFH100336	16:23614412:G:A	0/0	50	0.996
OFH100337	16:23614412:G:A	0/0	50	0.996
OFH100338	16:23614412:G:A	0/0	50	0.996
OFH100339	16:23614412:G:A	0/0	50	0.996
OFH100340	16:23614412:G:A	0/0	50	0.996
OFH100341	16:23614412:G:A	0/0	50	0.996
OFH100342	16:23614412:G:A	0/0	50	0.996
OFH100343	16:23614412:G:A	0/0	50	0.996
OFH100344	16:23614412:G:A	0/0	50	0.996
OFH100345	16:23614412:G:A	0/0	50	0.996
OFH100346	16:23614412:G:A	0/0	50	0.996
OFH100347	16:23614412:G:A	0/0	50	0.996
OFH100348	16:23614412:G:A	0/0	50	0.996
OFH100349	16:23614412:G:A	0/0	50	0.996
OFH100350	16:23614412:G:A	0/0	50	0.996
OFH100351	16:23614412:G:A	0/0	50	0.996
OFH100352	16:23614412:G:A	0/0	50	0.996
OFH100353	16:23614412:G:A	0/0	50	0.996
OFH100354	16:23614412:G:A	0/0	50	0.996
OFH100355	16:23614412:G:A	0/0	50	0.996
OFH100356	16:23614412:G:A	0/0	50	0.996
OFH100357	16:23614412:G:A	0/0	50	0.996
OFH100358	16:23614412:G:A	0/0	50	0.996
OFH100359	16:23614412:G:A	0/0	50	0.996
OFH100360	16:23614412:G:A	0/0	50	0.996
OFH100361	16:23614412:G:A	0/0	50	0.996
OFH100362	16:23614412:G:A	0/0	50	0.996
OFH100363	16:23614412:G:A	0/0	50	0.996
OFH100364	16:23614412:G:A	0/0	50	0.996
OFH100365	16:23614412:G:A	0/0	50	0.996
OFH100366	16:23614412:G:A	0/0	50	0.996
OFH100367	16:23614412:G:A	0/0	50	0.996
OFH100368	16:23614412:G:A	0/0	50	0.996
OFH100369	16:23614412:G:A	0/0	50	0.996
OFH100370	16:23614412:G:A	0/0	50	0.996
OFH100371	16:23614412:G:A	0/0	50	0.996
OFH100372	16:23614412:G:A	0/0	50	0.996
OFH100373	16:23614412:G:A	0/0	50	0.996
OFH100374	16:23614412:G:A	0/0	50	0.996
OFH100375	16:23614412:G:A	0/0	50	0.996
OFH100376	16:23614412:G:A	0/0	50	0.996
OFH100377	16:23614412:G:A	0/0	50	0.996
OFH100378	16:23614412:G:A	0/0	50	0.996
OFH100379	16:23614412:G:A	0/0	50	0.996
OFH100380	16:23614412:G:A	0/0	50	0.996
OFH100381	16:23614412:G:A	0/0	50	0.996
OFH100382	16:23614412:G:A	0/0	50	0.996
OFH100383	16:23614412:G:A	0/0	50	0.996
OFH100384	16:23614412:G:A	0/0	50	0.996
OFH100385	16:23614412:G:A	0/0	50	0.996
OFH100386	16:23614412:G:A	0/0	50	0.996
OFH100387	16:23614412:G:A	0/0	50	0.996
OFH100388	16:23614412:G:A	0/0	50	0.996
OFH100389	16:23614412:G:A	0/0	50	0.996
OFH100390	16:23614412:G:A	0/0	50	0.996
OFH100391	16:23614412:G:A	0/0	50	0.996
OFH100392	16:23614412:G:A	0/0	50	0.996
OFH100393	16:23614412:G:A	0/0	50	0.996
OFH100394	16:23614412:G:A	0/0	50	0.996
OFH100395	16:23614412:G:A	0/0	50	0.996
OFH100396	16:23614412:G:A	0/0	50	0.996
OFH100397	16:23614412:G:A	0/0	50	0.996
OFH100398	16:23614412:G:A	0/0	50	0.996
OFH100399	16:23614412:G:A	0/0	50	0.996
OFH100400	16:23614412:G:A	0/0	50	0.996
OFH100401	16:23614412:G:A	0/0	50	0.996
OFH100402	16:23614412:G:A	0/0	50	0.996
OFH100403	16:23614412:G:A	0/0	50	0.996
OFH100404	16:23614412:G:A	0/0	50	0.996
OFH100405	16:23614412:G:A	0/0	50	0.996
OFH100406	16:23614412:G:A	0/0	50	0.996
OFH100407	16:23614412:G:A	0/0	50	0.996
OFH100408	16:23614412:G:A	0/0	50	0.996
OFH100409	16:23614412:G:A	0/0	50	0.996
OFH100410	16:23614412:G:A	0/0	50	0.996
OFH100411	16:23614412:G:A	0/0	50	0.996
OFH100412	16:23614412:G:A	0/0	50	0.996
OFH100413	16:23614412:G:A	0/0	50	0.996
OFH100414	16:23614412:G:A	0/0	50	0.996
OFH100415	16:23614412:G:A	0/0	50	0.996
OFH100416	16:23614412:G:A	0/0	50	0.996
OFH100417	16:23614412:G:A	0/0	50	0.996
OFH100418	16:23614412:G:A	0/0	50	0.996
OFH100419	16:23614412:G:A	0/0	50	0.996
OFH100420	16:23614412:G:A	0/0	50	0.996
OFH100421	16:23614412:G:A	0/0	50	0.996
OFH100422	16:23614412:G:A	0/0	50	0.996
OFH100423	16:23614412:G:A	0/0	50	0.996
OFH100424	16:23614412:G:A	0/0	50	0.996
OFH100425	16:23614412:G:A	0/0	50	0.996
OFH100426	16:23614412:G:A	0/0	50	0.996
OFH100427	16:23614412:G:A	0/0	50	0.996
OFH100428	16:23614412:G:A	0/0	50	0.996
OFH100429	16:23614412:G:A	0/0	50	0.996
OFH100430	16:23614412:G:A	0/0	50	0.996
OFH100431	16:23614412:G:A	0/0	50	0.996
OFH100432	16:23614412:G:A	0/0	50	0.996
OFH100433	16:23614412:G:A	0/0	50	0.996
OFH100434	16:23614412:G:A	0/0	50	0.996
OFH100435	16:23614412:G:A	0/0	50	0.996
OFH100436	16:23614412:G:A	0/0	50	0.996
OFH100437	16:23614412:G:A	0/0	50	0.996
OFH100438	16:23614412:G:A	0/0	50	0.996
OFH100439	16:23614412:G:A	0/0	50	0.996
OFH100440	16:23614412:G:A	0/0	50	0.996
OFH100441	16:23614412:G:A	0/0	50	0.996
OFH100442	16:23614412:G:A	0/0	50	0.996
OFH100443	16:23614412:G:A	0/0	50	0.996
OFH100444	16:23614412:G:A	0/0	50	0.996
OFH100445	16:23614412:G:A	0/0	50	0.996
OFH100446	16:23614412:G:A	0/0	50	0.996
OFH100447	16:23614412:G:A	0/0	50	0.996
OFH100448	16:23614412:G:A	0/0	50	0.996
OFH100449	16:23614412:G:A	0/0	50	0.996
OFH100450	16:23614412:G:A	0/0	50	0.996
OFH100451	16:23614412:G:A	0/0	50	0.996
OFH100452	16:23614412:G:A	0/0	50	0.996
OFH100453	16:23614412:G:A	0/0	50	0.996
OFH100454	16:23614412:G:A	0/0	50	0.996
OFH100455	16:23614412:G:A	0/0	50	0.996
OFH100456	16:23614412:G:A	0/0	50	0.996
OFH100457	16:23614412:G:A	0/0	50	0.996
OFH100458	16:23614412:G:A	0/0	50	0.996
OFH100459	16:23614412:G:A	0/0	50	0.996
OFH100460	16:23614412:G:A	0/0	50	0.996
OFH100461	16:23614412:G:A	0/0	50	0.996
OFH100462	16:23614412:G:A	0/0	50	0.996
OFH100463	16:23614412:G:A	0/0	50	0.996
OFH100464	16:23614412:G:A	0/0	50	0.996
OFH100465	16:23614412:G:A	0/0	50	0.996
OFH100466	16:23614412:G:A	0/0	50	0.996
OFH100467	16:23614412:G:A	0/0	50	0.996
OFH100468	16:23614412:G:A	0/0	50	0.996
OFH100469	16:23614412:G:A	0/0	50	0.996
OFH100470	16:23614412:G:A	0/0	50	0.996
OFH100471	16:23614412:G:A	0/0	50	0.996
OFH100472	16:23614412:G:A	0/0	50	0.996
OFH100473	16:23614412:G:A	0/0	50	0.996
OFH100474	16:23614412:G:A	0/0	50	0.996
OFH100475	16:23614412:G:A	0/0	50	0.996
OFH100476	16:23614412:G:A	0/0	50	0.996
OFH100477	16:23614412:G:A	0/0	50	0.996
OFH100478	16:23614412:G:A	0/0	50	0.996
OFH100479	16:23614412:G:A	0/0	50	0.996
OFH100480	16:23614412:G:A	0/0	50	0.996
OFH100481	16:23614412:G:A	0/0	50	0.996
OFH100482	16:23614412:G:A	0/0	50	0.996
OFH100483	16:23614412:G:A	0/0	50	0.996
OFH100484	16:23614412:G:A	0/0	50	0.996
OFH100485	16:23614412:G:A	0/0	50	0.996
OFH100486	16:23614412:G:A	0/0	50	0.996
OFH100487	16:23614412:G:A	0/0	50	0.996
OFH100488	16:23614412:G:A	0/0	50	0.996
OFH100489	16:23614412:G:A	0/0	50	0.996
OFH100490	16:23614412:G:A	0/0	50	0.996
OFH100491	16:23614412:G:A	0/0	50	0.996
OFH100492	16:23614412:G:A	0/0	50	0.996
OFH100493	16:23614412:G:A	0/0	50	0.996
OFH100494	16:23614412:G:A	0/0	50	0.996
OFH100495	16:23614412:G:A	0/0	50	0.996
OFH100496	16:23614412:G:A	0/0	50	0.996
OFH100497	16:23614412:G:A	0/0	50	0.996
OFH100498	16:23614412:G:A	0/0	50	0.996
OFH100499	16:23614412:G:A	0/0	50	0.996
OFH100000	11:108236123:C:T	0/0	50	0.996
OFH100001	11:108236123:C:T	0/0	50	0.996
OFH100002	11:108236123:C:T	0/0	50	0.996
OFH100003	11:108236123:C:T	0/0	50	0.996
OFH100004	11:108236123:C:T	0/0	50	0.996
OFH100005	11:108236123:C:T	0/0	50	0.996
OFH100006	11:108236123:C:T	0/0	50	0.996
OFH100007	11:108236123:C:T	0/0	50	0.996
OFH100008	11:108236123:C:T	0/0	50	0.996
OFH100009	11:108236123:C:T	0/0	50	0.996
OFH100010	11:108236123:C:T	0/0	50	0.996
OFH100011	11:108236123:C:T	0/0	50	0.996
OFH100012	11:108236123:C:T	0/0	50	0.996
OFH100013	11:108236123:C:T	0/0	50	0.996
OFH100014	11:108236123:C:T	0/0	50	0.996
OFH100015	11:108236123:C:T	0/0	50	0.996
OFH100016	11:108236123:C:T	0/0	50	0.996
OFH100017	11:108236123:C:T	0/0	50	0.996
OFH100018	11:108236123:C:T	0/0	50	0.996
OFH100019	11:108236123:C:T	0/0	50	0.996
OFH100020	11:108236123:C:T	0/0	50	0.996
OFH100021	11:108236123:C:T	0/0	50	0.996
OFH100022	11:108236123:C:T	0/0	50	0.996
OFH100023	11:108236123:C:T	0/0	50	0.996
OFH100024	11:108236123:C:T	0/0	50	0.996
OFH100025	11:108236123:C:T	0/0	50	0.996
OFH100026	11:108236123:C:T	0/0	50	0.996
OFH100027	11:108236123:C:T	0/0	50	0.996
OFH100028	11:108236123:C:T	0/0	50	0.996
OFH100029	11:108236123:C:T	0/0	50	0.996
OFH100030	11:108236123:C:T	0/0	50	0.996
OFH100031	11:108236123:C:T	0/0	50	0.996
OFH100032	11:108236123:C:T	0/0	50	0.996
OFH100033	11:108236123:C:T	0/0	50	0.996
OFH100034	11:108236123:C:T	0/0	50	0.996
OFH100035	11:108236123:C:T	0/0	50	0.996
OFH100036	11:108236123:C:T	0/0	50	0.996
OFH100037	11:108236123:C:T	0/0	50	0.996
OFH100038	11:108236123:C:T	0/0	50	0.996
OFH100039	11:108236123:C:T	0/0	50	0.996
OFH100040	11:108236123:C:T	0/0	50	0.996
OFH100041	11:108236123:C:T	0/0	50	0.996
OFH100042	11:108236123:C:T	0/0	50	0.996
OFH100043	11:108236123:C:T	0/0	50	0.996
OFH100044	11:108236123:C:T	0/0	50	0.996
OFH100045	11:108236123:C:T	0/0	50	0.996
OFH100046	11:108236123:C:T	0/0	50	0.996
OFH100047	11:108236123:C:T	0/0	50	0.996
OFH100048	11:108236123:C:T	0/0	50	0.996
OFH100049	11:108236123:C:T	0/0	50	0.996
OFH100050	11:108236123:C:T	0/0	50	0.996
OFH100051	11:108236123:C:T	0/0	50	0.996
OFH100052	11:108236123:C:T	0/0	50	0.996
OFH100053	11:108236123:C:T	0/0	50	0.996
OFH100054	11:108236123:C:T	0/1	55	0.996
OFH100055	11:108236123:C:T	0/1	55	0.996
OFH100056	11:108236123:C:T	0/1	55	0.996
OFH100057	11:108236123:C:T	0/1	55	0.996
OFH100058	11:108236123:C:T	0/1	55	0.996
OFH100059	11:108236123:C:T	0/1	55	0.996
OFH100060	11:108236123:C:T	0/1	55	0.996
OFH100061	11:108236123:C:T	0/0	50	0.996
OFH100062	11:108236123:C:T	0/1	55	0.996
OFH100063	11:108236123:C:T	0/0	50	0.996
OFH100064	11:108236123:C:T	0/1	55	0.996
OFH100065	11:108236123:C:T	0/0	50	0.996
OFH100066	11:108236123:C:T	0/1	55	0.996
OFH100067	11:108236123:C:T	0/0	50	0.996
OFH100068	11:108236123:C:T	1/1	55	0.996
OFH100069	11:108236123:C:T	0/1	55	0.996
OFH100070	11:108236123:C:T	0/1	55	0.996
OFH100071	11:108236123:C:T	0/1	55	0.996
OFH100072	11:108236123:C:T	0/1	55	0.996
OFH100073	11:108236123:C:T	0/1	55	0.996
OFH100074	11:108236123:C:T	0/1	55	0.996
OFH100075	11:108236123:C:T	0/1	55	0.996
OFH100076	11:108236123:C:T	0/0	50	0.996
OFH100077	11:108236123:C:T	0/1	55	0.996
OFH100078	11:108236123:C:T	0/1	55	0.996
OFH100079	11:108236123:C:T	0/1	55	0.996
OFH100080	11:108236123:C:T	0/1	55	0.996
OFH100081	11:108236123:C:T	0/1	55	0.996
OFH100082	11:108236123:C:T	0/0	50	0.996
OFH100083	11:108236123:C:T	0/1	55	0.996
OFH100084	11:108236123:C:T	0/0	50	0.996
OFH100085	11:108236123:C:T	0/0	50	0.996
OFH100086	11:108236123:C:T	0/0	50	0.996
OFH100087	11:108236123:C:T	0/0	50	0.996
OFH100088	11:108236123:C:T	0/0	50	0.996
OFH100089	11:108236123:C:T	0/0	50	0.996
OFH100090	11:108236123:C:T	0/0	50	0.996
OFH100091	11:108236123:C:T	0/0	50	0.996
OFH100092	11:108236123:C:T	0/0	50	0.996
OFH100093	11:108236123:C:T	0/0	50	0.996
OFH100094	11:108236123:C:T	0/0	50	0.996
OFH100095	11:108236123:C:T	0/0	50	0.996
OFH100096	11:108236123:C:T	0/0	50	0.996
OFH100097	11:108236123:C:T	0/0	50	0.996
OFH100098	11:108236123:C:T	0/0	50	0.996
OFH100099	11:108236123:C:T	0/0	50	0.996
OFH100100	11:108236123:C:T	0/0	50	0.996
OFH100101	11:108236123:C:T	0/0	50	0.996
OFH100102	11:108236123:C:T	0/0	50	0.996
OFH100103	11:108236123:C:T	0/0	50	0.996
OFH100104	11:108236123:C:T	0/0	50	0.996
OFH100105	11:108236123:C:T	0/0	50	0.996
OFH100106	11:108236123:C:T	0/0	50	0.996
OFH100107	11:108236123:C:T	0/0	50	0.996
OFH100108	11:108236123:C:T	0/0	50	0.996
OFH100109	11:108236123:C:T	0/0	50	0.996
OFH100110	11:108236123:C:T	0/0	50	0.996
OFH100111	11:108236123:C:T	0/0	50	0.996
OFH100112	11:108236123:C:T	0/0	50	0.996
OFH100113	11:108236123:C:T	0/0	50	0.996
OFH100114	11:108236123:C:T	0/0	50	0.996
OFH100115	11:108236123:C:T	0/0	50	0.996
OFH100116	11:108236123:C:T	0/0	50	0.996
OFH100117	11:108236123:C:T	0/0	50	0.996
OFH100118	11:108236123:C:T	0/0	50	0.996
OFH100119	11:108236123:C:T	0/0	50	0.996
OFH100120	11:108236123:C:T	0/0	50	0.996
OFH100121	11:108236123:C:T	0/0	50	0.996
OFH100122	11:108236123:C:T	0/0	50	0.996
OFH100123	11:108236123:C:T	0/0	50	0.996
OFH100124	11:108236123:C:T	0/0	50	0.996
OFH100125	11:108236123:C:T	0/0	50	0.996
OFH100126	11:108236123:C:T	0/0	50	0.996
OFH100127	11:108236123:C:T	0/0	50	0.996
OFH100128	11:108236123:C:T	0/0	50	0.996
OFH100129	11:108236123:C:T	0/0	50	0.996
OFH100130	11:108236123:C:T	0/0	50	0.996
OFH100131	11:108236123:C:T	0/0	50	0.996
OFH100132	11:108236123:C:T	0/0	50	0.996
OFH100133	11:108236123:C:T	0/0	50	0.996
OFH100134	11:108236123:C:T	0/0	50	0.996
OFH100135	11:108236123:C:T	0/0	50	0.996
OFH100136	11:108236123:C:T	0/0	50	0.996
OFH100137	11:108236123:C:T	0/0	50	0.996
OFH100138	11:108236123:C:T	0/0	50	0.996
OFH100139	11:108236123:C:T	0/0	50	0.996
OFH100140	11:108236123:C:T	0/0	50	0.996
OFH100141	11:108236123:C:T	0/0	50	0.996
OFH100142	11:108236123:C:T	0/0	50	0.996
OFH100143	11:108236123:C:T	0/0	50	0.996
OFH100144	11:108236123:C:T	0/0	50	0.996
OFH100145	11:108236123:C:T	0/0	50	0.996
OFH100146	11:108236123:C:T	0/0	50	0.996
OFH100147	11:108236123:C:T	0/0	50	0.996
OFH100148	11:108236123:C:T	0/0	50	0.996
OFH100149	11:108236123:C:T	0/0	50	0.996
OFH100150	11:108236123:C:T	0/0	50	0.996
OFH100151	11:108236123:C:T	0/0	50	0.996
OFH100152	11:108236123:C:T	0/0	50	0.996
OFH100153	11:108236123:C:T	0/0	50	0.996
OFH100154	11:108236123:C:T	0/0	50	0.996
OFH100155	11:108236123:C:T	0/0	50	0.996
OFH100156	11:108236123:C:T	0/0	50	0.996
OFH100157	11:108236123:C:T	0/0	50	0.996
OFH100158	11:108236123:C:T	0/0	50	0.996
OFH100159	11:108236123:C:T	0/0	50	0.996
OFH100160	11:108236123:C:T	0/0	50	0.996
OFH100161	11:108236123:C:T	0/0	50	0.996
OFH100162	11:108236123:C:T	0/0	50	0.996
OFH100163	11:108236123:C:T	0/0	50	0.996
OFH100164	11:108236123:C:T	0/0	50	0.996
OFH100165	11:108236123:C:T	0/0	50	0.996
OFH100166	11:108236123:C:T	0/0	50	0.996
OFH100167	11:108236123:C:T	0/0	50	0.996
OFH100168	11:108236123:C:T	0/0	50	0.996
OFH100169	11:108236123:C:T	0/0	50	0.996
OFH100170	11:108236123:C:T	0/0	50	0.996
OFH100171	11:108236123:C:T	0/0	50	0.996
OFH100172	11:108236123:C:T	0/0	50	0.996
OFH100173	11:108236123:C:T	0/0	50	0.996
OFH100174	11:108236123:C:T	0/0	50	0.996
OFH100175	11:108236123:C:T	0/0	50	0.996
OFH100176	11:108236123:C:T	0/0	50	0.996
OFH100177	11:108236123:C:T	0/0	50	0.996
OFH100178	11:108236123:C:T	0/0	50	0.996
OFH100179	11:108236123:C:T	0/0	50	0.996
OFH100180	11:108236123:C:T	0/0	50	0.996
OFH100181	11:108236123:C:T	0/0	50	0.996
OFH100182	11:108236123:C:T	0/0	50	0.996
OFH100183	11:108236123:C:T	0/0	50	0.996
OFH100184	11:108236123:C:T	0/0	50	0.996
OFH100185	11:108236123:C:T	0/0	50	0.996
OFH100186	11:108236123:C:T	0/0	50	0.996
OFH100187	11:108236123:C:T	0/0	50	0.996
OFH100188	11:108236123:C:T	0/0	50	0.996
OFH100189	11:108236123:C:T	0/0	50	0.996
OFH100190	11:108236123:C:T	0/0	50	0.996
OFH100191	11:108236123:C:T	0/0	50	0.996
OFH100192	11:108236123:C:T	0/0	50	0.996
OFH100193	11:108236123:C:T	0/0	50	0.996
OFH100194	11:108236123:C:T	0/0	50	0.996
OFH100195	11:108236123:C:T	0/0	50	0.996
OFH100196	11:108236123:C:T	0/0	50	0.996
OFH100197	11:108236123:C:T	0/0	50	0.996
OFH100198	11:108236123:C:T	0/0	50	0.996
OFH100199	11:108236123:C:T	0/0	50	0.996
OFH100200	11:108236123:C:T	0/0	50	0.996
OFH100201	11:108236123:C:T	0/0	50	0.996
OFH100202	11:108236123:C:T	0/0	50	0.996
OFH100203	11:108236123:C:T	0/0	50	0.996
OFH100204	11:108236123:C:T	0/0	50	0.996
OFH100205	11:108236123:C:T	0/0	50	0.996
OFH100206	11:108236123:C:T	0/0	50	0.996
OFH100207	11:108236123:C:T	0/0	50	0.996
OFH100208	11:108236123:C:T	0/0	50	0.996
OFH100209	11:108236123:C:T	0/0	50	0.996
OFH100210	11:108236123:C:T	0/0	50	0.996
OFH100211	11:108236123:C:T	0/0	50	0.996
OFH100212	11:108236123:C:T	0/0	50	0.996
OFH100213	11:108236123:C:T	0/0	50	0.996
OFH100214	11:108236123:C:T	0/0	50	0.996
OFH100215	11:108236123:C:T	0/0	50	0.996
OFH100216	11:108236123:C:T	0/0	50	0.996
OFH100217	11:108236123:C:T	0/0	50	0.996
OFH100218	11:108236123:C:T	0/0	50	0.996
OFH100219	11:108236123:C:T	0/0	50	0.996
OFH100220	11:108236123:C:T	0/0	50	0.996
OFH100221	11:108236123:C:T	0/0	50	0.996
OFH100222	11:108236123:C:T	0/0	50	0.996
OFH100223	11:108236123:C:T	0/0	50	0.996
OFH100224	11:108236123:C:T	0/0	50	0.996
OFH100225	11:108236123:C:T	0/0	50	0.996
OFH100226	11:108236123:C:T	0/0	50	0.996
OFH100227	11:108236123:C:T	0/0	50	0.996
OFH100228	11:108236123:C:T	0/0	50	0.996
OFH100229	11:108236123:C:T	0/0	50	0.996
OFH100230	11:108236123:C:T	0/0	50	0.996
OFH100231	11:108236123:C:T	0/0	50	0.996
OFH100232	11:108236123:C:T	0/0	50	0.996
OFH100233	11:108236123:C:T	0/0	50	0.996
OFH100234	11:108236123:C:T	0/0	50	0.996
OFH100235	11:108236123:C:T	0/0	50	0.996
OFH100236	11:108236123:C:T	0/0	50	0.996
OFH100237	11:108236123:C:T	0/0	50	0.996
OFH100238	11:108236123:C:T	0/0	50	0.996
OFH100239	11:108236123:C:T	0/0	50	0.996
OFH100240	11:108236123:C:T	0/0	50	0.996
OFH100241	11:108236123:C:T	0/0	50	0.996
OFH100242	11:108236123:C:T	0/0	50	0.996
OFH100243	11:108236123:C:T	0/0	50	0.996
OFH100244	11:108236123:C:T	0/0	50	0.996
OFH100245	11:108236123:C:T	0/0	50	0.996
OFH100246	11:108236123:C:T	0/0	50	0.996
OFH100247	11:108236123:C:T	0/0	50	0.996
OFH100248	11:108236123:C:T	0/0	50	0.996
OFH100249	11:108236123:C:T	0/0	50	0.996
OFH100250	11:108236123:C:T	0/0	50	0.996
OFH100251	11:108236123:C:T	0/0	50	0.996
OFH100252	11:108236123:C:T	0/0	50	0.996
OFH100253	11:108236123:C:T	0/0	50	0.996
OFH100254	11:108236123:C:T	0/0	50	0.996
OFH100255	11:108236123:C:T	0/0	50	0.996
OFH100256	11:108236123:C:T	0/0	50	0.996
OFH100257	11:108236123:C:T	0/0	50	0.996
OFH100258	11:108236123:C:T	0/0	50	0.996
OFH100259	11:108236123:C:T	0/0	50	0.996
OFH100260	11:108236123:C:T	0/0	50	0.996
OFH100261	11:108236123:C:T	0/0	50	0.996
OFH100262	11:108236123:C:T	0/0	50	0.996
OFH100263	11:108236123:C:T	0/0	50	0.996
OFH100264	11:108236123:C:T	0/0	50	0.996
OFH100265	11:108236123:C:T	0/0	50	0.996
OFH100266	11:108236123:C:T	0/0	50	0.996
OFH100267	11:108236123:C:T	0/0	50	0.996
OFH100268	11:108236123:C:T	0/0	50	0.996
OFH100269	11:108236123:C:T	0/0	50	0.996
OFH100270	11:108236123:C:T	0/0	50	0.996
OFH100271	11:108236123:C:T	0/0	50	0.996
OFH100272	11:108236123:C:T	0/0	50	0.996
OFH100273	11:108236123:C:T	0/0	50	0.996
OFH100274	11:108236123:C:T	0/0	50	0.996
OFH100275	11:108236123:C:T	0/0	50	0.996
OFH100276	11:108236123:C:T	0/0	50	0.996
OFH100277	11:108236123:C:T	0/0	50	0.996
OFH100278	11:108236123:C:T	0/0	50	0.996
OFH100279	11:108236123:C:T	0/0	50	0.996
OFH100280	11:108236123:C:T	0/0	50	0.996
OFH100281	11:108236123:C:T	0/0	50	0.996
OFH100282	11:108236123:C:T	0/0	50	0.996
OFH100283	11:108236123:C:T	0/0	50	0.996
OFH100284	11:108236123:C:T	0/0	50	0.996
OFH100285	11:108236123:C:T	0/0	50	0.996
OFH100286	11:108236123:C:T	0/0	50	0.996
OFH100287	11:108236123:C:T	0/0	50	0.996
OFH100288	11:108236123:C:T	0/0	50	0.996
OFH100289	11:108236123:C:T	0/0	50	0.996
OFH100290	11:108236123:C:T	0/0	50	0.996
OFH100291	11:108236123:C:T	0/0	50	0.996
OFH100292	11:108236123:C:T	0/0	50	0.996
OFH100293	11:108236123:C:T	0/0	50	0.996
OFH100294	11:108236123:C:T	0/0	50	0.996
OFH100295	11:108236123:C:T	0/0	50	0.996
OFH100296	11:108236123:C:T	0/0	50	0.996
OFH100297	11:108236123:C:T	0/0	50	0.996
OFH100298	11:108236123:C:T	0/0	50	0.996
OFH100299	11:108236123:C:T	0/0	50	0.996
OFH100300	11:108236123:C:T	0/0	50	0.996
OFH100301	11:108236123:C:T	0/0	50	0.996
OFH100302	11:108236123:C:T	0/0	50	0.996
OFH100303	11:108236123:C:T	0/0	50	0.996
OFH100304	11:108236123:C:T	0/0	50	0.996
OFH100305	11:108236123:C:T	0/0	50	0.996
OFH100306	11:108236123:C:T	0/0	50	0.996
OFH100307	11:108236123:C:T	0/0	50	0.996
OFH100308	11:108236123:C:T	0/0	50	0.996
OFH100309	11:108236123:C:T	0/0	50	0.996
OFH100310	11:108236123:C:T	0/0	50	0.996
OFH100311	11:108236123:C:T	0/0	50	0.996
OFH100312	11:108236123:C:T	0/0	50	0.996
OFH100313	11:108236123:C:T	0/0	50	0.996
OFH100314	11:108236123:C:T	0/0	50	0.996
OFH100315	11:108236123:C:T	0/0	50	0.996
OFH100316	11:108236123:C:T	0/0	50	0.996
OFH100317	11:108236123:C:T	0/0	50	0.996
OFH100318	11:108236123:C:T	0/0	50	0.996
OFH100319	11:108236123:C:T	0/0	50	0.996
OFH100320	11:108236123:C:T	0/0	50	0.996
OFH100321	11:108236123:C:T	0/0	50	0.996
OFH100322	11:108236123:C:T	0/0	50	0.996
OFH100323	11:108236123:C:T	0/0	50	0.996
OFH100324	11:108236123:C:T	0/0	50	0.996
OFH100325	11:108236123:C:T	0/0	50	0.996
OFH100326	11:108236123:C:T	0/0	50	0.996
OFH100327	11:108236123:C:T	0/0	50	0.996
OFH100328	11:108236123:C:T	0/0	50	0.996
OFH100329	11:108236123:C:T	0/0	50	0.996
OFH100330	11:108236123:C:T	0/0	50	0.996
OFH100331	11:108236123:C:T	0/0	50	0.996
OFH100332	11:108236123:C:T	0/0	50	0.996
OFH100333	11:108236123:C:T	0/0	50	0.996
OFH100334	11:108236123:C:T	0/0	50	0.996
OFH100335	11:108236123:C:T	0/1	55	0.996
OFH100336	11:108236123:C:T	0/1	55	0.996
OFH100337	11:108236123:C:T	0/1	55	0.996
OFH100338	11:108236123:C:T	0/1	55	0.996
OFH100339	11:108236123:C:T	0/1	55	0.996
OFH100340	11:108236123:C:T	0/0	50	0.996
OFH100341	11:108236123:C:T	0/0	50	0.996
OFH100342	11:108236123:C:T	0/0	50	0.996
OFH100343	11:108236123:C:T	0/0	50	0.996
OFH100344	11:108236123:C:T	0/0	50	0.996
OFH100345	11:108236123:C:T	0/1	55	0.996
OFH100346	11:108236123:C:T	0/1	55	0.996
OFH100347	11:108236123:C:T	0/0	50	0.996
OFH100348	11:108236123:C:T	0/0	50	0.996
OFH100349	11:108236123:C:T	0/1	55	0.996
OFH100350	11:108236123:C:T	0/0	50	0.996
OFH100351	11:108236123:C:T	0/0	50	0.996
OFH100352	11:108236123:C:T	0/0	50	0.996
OFH100353	11:108236123:C:T	0/0	50	0.996
OFH100354	11:108236123:C:T	0/1	55	0.996
OFH100355	11:108236123:C:T	0/0	50	0.996
OFH100356	11:108236123:C:T	0/1	55	0.996
OFH100357	11:108236123:C:T	0/0	50	0.996
OFH100358	11:108236123:C:T	0/0	50	0.996
OFH100359	11:108236123:C:T	0/0	50	0.996
OFH100360	11:108236123:C:T	0/0	50	0.996
OFH100361	11:108236123:C:T	0/1	55	0.996
OFH100362	11:108236123:C:T	0/0	50	0.996
OFH100363	11:108236123:C:T	0/0	50	0.996
OFH100364	11:108236123:C:T	0/0	50	0.996
OFH100365	11:108236123:C:T	0/0	50	0.996
OFH100366	11:108236123:C:T	0/1	55	0.996
OFH100367	11:108236123:C:T	0/0	50	0.996
OFH100368	11:108236123:C:T	0/0	50	0.996
OFH100369	11:108236123:C:T	0/0	50	0.996
OFH100370	11:108236123:C:T	0/1	55	0.996
OFH100371	11:108236123:C:T	0/1	55	0.996
OFH100372	11:108236123:C:T	0/0	50	0.996
OFH100373	11:108236123:C:T	0/1	55	0.996
OFH100374	11:108236123:C:T	0/0	50	0.996
OFH100375	11:108236123:C:T	0/0	50	0.996
OFH100376	11:108236123:C:T	0/1	55	0.996
OFH100377	11:108236123:C:T	0/0	50	0.996
OFH100378	11:108236123:C:T	0/0	50	0.996
OFH100379	11:108236123:C:T	0/1	55	0.996
OFH100380	11:108236123:C:T	0/1	55	0.996
OFH100381	11:108236123:C:T	0/0	50	0.996
OFH100382	11:108236123:C:T	0/0	50	0.996
OFH100383	11:108236123:C:T	0/0	50	0.996
OFH100384	11:108236123:C:T	0/0	50	0.996
OFH100385	11:108236123:C:T	0/0	50	0.996
OFH100386	11:108236123:C:T	0/0	50	0.996
OFH100387	11:108236123:C:T	0/0	50	0.996
OFH100388	11:108236123:C:T	0/1	55	0.996
OFH100389	11:108236123:C:T	0/0	50	0.996
OFH100390	11:108236123:C:T	0/0	50	0.996
OFH100391	11:108236123:C:T	0/0	50	0.996
OFH100392	11:108236123:C:T	0/0	50	0.996
OFH100393	11:108236123:C:T	0/0	50	0.996
OFH100394	11:108236123:C:T	0/0	50	0.996
OFH100395	11:108236123:C:T	0/0	50	0.996
OFH100396	11:108236123:C:T	0/1	55	0.996
OFH100397	11:108236123:C:T	0/1	55	0.996
OFH100398	11:108236123:C:T	0/0	50	0.996
OFH100399	11:108236123:C:T	0/0	50	0.996
OFH100400	11:108236123:C:T	0/0	50	0.996
OFH100401	11:108236123:C:T	0/0	50	0.996
OFH100402	11:108236123:C:T	0/0	50	0.996
OFH100403	11:108236123:C:T	0/1	55	0.996
OFH100404	11:108236123:C:T	0/0	50	0.996
OFH100405	11:108236123:C:T	0/0	50	0.996
OFH100406	11:108236123:C:T	0/0	50	0.996
OFH100407	11:108236123:C:T	0/0	50	0.996
OFH100408	11:108236123:C:T	0/0	50	0.996
OFH100409	11:108236123:C:T	0/1	55	0.996
OFH100410	11:108236123:C:T	0/0	50	0.996
OFH100411	11:108236123:C:T	0/0	50	0.996
OFH100412	11:108236123:C:T	0/0	50	0.996
OFH100413	11:108236123:C:T	0/0	50	0.996
OFH100414	11:108236123:C:T	0/0	50	0.996
OFH100415	11:108236123:C:T	0/0	50	0.996
OFH100416	11:108236123:C:T	0/0	50	0.996
OFH100417	11:108236123:C:T	0/1	55	0.996
OFH100418	11:108236123:C:T	0/0	50	0.996
OFH100419	11:108236123:C:T	0/0	50	0.996
OFH100420	11:108236123:C:T	0/0	50	0.996
OFH100421	11:108236123:C:T	0/0	50	0.996
OFH100422	11:108236123:C:T	0/0	50	0.996
OFH100423	11:108236123:C:T	0/0	50	0.996
OFH100424	11:108236123:C:T	0/0	50	0.996
OFH100425	11:108236123:C:T	0/0	50	0.996
OFH100426	11:108236123:C:T	0/0	50	0.996
OFH100427	11:108236123:C:T	0/0	50	0.996
OFH100428	11:108236123:C:T	0/0	50	0.996
OFH100429	11:108236123:C:T	0/0	50	0.996
OFH100430	11:108236123:C:T	0/0	50	0.996
OFH100431	11:108236123:C:T	0/0	50	0.996
OFH100432	11:108236123:C:T	0/0	50	0.996
OFH100433	11:108236123:C:T	0/0	50	0.996
OFH100434	11:108236123:C:T	0/0	50	0.996
OFH100435	11:108236123:C:T	0/1	55	0.996
OFH100436	11:108236123:C:T	0/0	50	0.996
OFH100437	11:108236123:C:T	0/0	50	0.996
OFH100438	11:108236123:C:T	0/0	50	0.996
OFH100439	11:108236123:C:T	0/0	50	0.996
OFH100440	11:108236123:C:T	0/0	50	0.996
OFH100441	11:108236123:C:T	0/0	50	0.996
OFH100442	11:108236123:C:T	0/0	50	0.996
OFH100443	11:108236123:C:T	0/0	50	0.996
OFH100444	11:108236123:C:T	0/1	55	0.996
OFH100445	11:108236123:C:T	0/0	50	0.996
OFH100446	11:108236123:C:T	0/0	50	0.996
OFH100447	11:108236123:C:T	0/1	55	0.996
OFH100448	11:108236123:C:T	0/1	55	0.996
OFH100449	11:108236123:C:T	0/0	50	0.996
OFH100450	11:108236123:C:T	0/0	50	0.996
OFH100451	11:108236123:C:T	0/0	50	0.996
OFH100452	11:108236123:C:T	0/0	50	0.996
OFH100453	11:108236123:C:T	0/0	50	0.996
OFH100454	11:108236123:C:T	0/0	50	0.996
OFH100455	11:108236123:C:T	0/0	50	0.996
OFH100456	11:108236123:C:T	0/0	50	0.996
OFH100457	11:108236123:C:T	0/0	50	0.996
OFH100458	11:108236123:C:T	0/0	50	0.996
OFH100459	11:108236123:C:T	0/0	50	0.996
OFH100460	11:108236123:C:T	0/0	50	0.996
OFH100461	11:108236123:C:T	0/0	50	0.996
OFH100462	11:108236123:C:T	0/0	50	0.996
OFH100463	11:108236123:C:T	0/0	50	0.996
OFH100464	11:108236123:C:T	0/0	50	0.996
OFH100465	11:108236123:C:T	0/0	50	0.996
OFH100466	11:108236123:C:T	0/0	50	0.996
OFH100467	11:108236123:C:T	0/0	50	0.996
OFH100468	11:108236123:C:T	0/0	50	0.996
OFH100469	11:108236123:C:T	0/0	50	0.996
OFH100470	11:108236123:C:T	0/0	50	0.996
OFH100471	11:108236123:C:T	0/0	50	0.996
OFH100472	11:108236123:C:T	0/0	50	0.996
OFH100473	11:108236123:C:T	0/1	55	0.996
OFH100474	11:108236123:C:T	0/0	50	0.996
OFH100475	11:108236123:C:T	0/0	50	0.996
OFH100476	11:108236123:C:T	0/0	50	0.996
OFH100477	11:108236123:C:T	0/0	50	0.996
OFH100478	11:108236123:C:T	0/1	55	0.996
OFH100479	11:108236123:C:T	0/0	50	0.996
OFH100480	11:108236123:C:T	0/0	50	0.996
OFH100481	11:108236123:C:T	0/0	50	0.996
OFH100482	11:108236123:C:T	0/0	50	0.996
OFH100483	11:108236123:C:T	0/0	50	0.996
OFH100484	11:108236123:C:T	0/0	50	0.996
OFH100485	11:108236123:C:T	0/0	50	0.996
OFH100486	11:108236123:C:T	0/0	50	0.996
OFH100487	11:108236123:C:T	0/0	50	0.996
OFH100488	11:108236123:C:T	0/0	50	0.996
OFH100489	11:108236123:C:T	0/0	50	0.996
OFH100490	11:108236123:C:T	0/0	50	0.996
OFH100491	11:108236123:C:T	0/0	50	0.996
OFH100492	11:108236123:C:T	0/0	50	0.996
OFH100493	11:108236123:C:T	0/0	50	0.996
OFH100494	11:108236123:C:T	0/0	50	0.996
OFH100495	11:108236123:C:T	0/0	50	0.996
OFH100496	11:108236123:C:T	0/0	50	0.996
OFH100497	11:108236123:C:T	0/0	50	0.996
OFH100498	11:108236123:C:T	0/0	50	0.996
OFH100499	11:108236123:C:T	0/0	50	0.996
